PT 등장횟수,관련명사,PT 등장횟수,관련서술어,PT 등장횟수,관련명사,PT 등장횟수,관련서술어,검도 등장횟수,관련명사,검도 등장횟수,관련서술어,기구필라테스 등장횟수,관련명사,기구필라테스 등장횟수,관련서술어,다빈치바디보드 등장횟수,관련명사,다빈치바디보드 등장횟수,관련서술어,드럼스틱 등장횟수,관련명사,드럼스틱 등장횟수,관련서술어,등산 등장횟수,관련명사,등산 등장횟수,관련서술어,라틴댄스 등장횟수,관련명사,라틴댄스 등장횟수,관련서술어,매트필라테스 등장횟수,관련명사,매트필라테스 등장횟수,관련서술어,뮤직복싱 등장횟수,관련명사,뮤직복싱 등장횟수,관련서술어,바차타 등장횟수,관련명사,바차타 등장횟수,관련서술어,발레 등장횟수,관련명사,발레 등장횟수,관련서술어,발레핏 등장횟수,관련명사,발레핏 등장횟수,관련서술어,방송댄스 등장횟수,관련명사,방송댄스 등장횟수,관련서술어,번지댄스 등장횟수,관련명사,번지댄스 등장횟수,관련서술어,번지요가 등장횟수,관련명사,번지요가 등장횟수,관련서술어,번지피트니스 등장횟수,관련명사,번지피트니스 등장횟수,관련서술어,복싱 등장횟수,관련명사,복싱 등장횟수,관련서술어,볼링 등장횟수,관련명사,볼링 등장횟수,관련서술어,빈야사 등장횟수,관련명사,빈야사 등장횟수,관련서술어,사이클 등장횟수,관련명사,사이클 등장횟수,관련서술어,살사 등장횟수,관련명사,살사 등장횟수,관련서술어,서핑 등장횟수,관련명사,서핑 등장횟수,관련서술어,소도구필라테스 등장횟수,관련명사,소도구필라테스 등장횟수,관련서술어,수상스키 등장횟수,관련명사,수상스키 등장횟수,관련서술어,수영 등장횟수,관련명사,수영 등장횟수,관련서술어,스피닝 등장횟수,관련명사,스피닝 등장횟수,관련서술어,아쉬탕가 등장횟수,관련명사,아쉬탕가 등장횟수,관련서술어,아쿠아로빅 등장횟수,관련명사,아쿠아로빅 등장횟수,관련서술어,아쿠아바이크 등장횟수,관련명사,아쿠아바이크 등장횟수,관련서술어,아쿠아테크 등장횟수,관련명사,아쿠아테크 등장횟수,관련서술어,암벽등반 등장횟수,관련명사,암벽등반 등장횟수,관련서술어,에어로빅 등장횟수,관련명사,에어로빅 등장횟수,관련서술어,에이리얼후프 등장횟수,관련명사,에이리얼후프 등장횟수,관련서술어,요가 등장횟수,관련명사,요가 등장횟수,관련서술어,요가쿠아 등장횟수,관련명사,요가쿠아 등장횟수,관련서술어,인요가 등장횟수,관련명사,인요가 등장횟수,관련서술어,자이로토닉 등장횟수,관련명사,자이로토닉 등장횟수,관련서술어,재즈댄스 등장횟수,관련명사,재즈댄스 등장횟수,관련서술어,점핑피트니스 등장횟수,관련명사,점핑피트니스 등장횟수,관련서술어,조깅 등장횟수,관련명사,조깅 등장횟수,관련서술어,주짓수 등장횟수,관련명사,주짓수 등장횟수,관련서술어,줌바 등장횟수,관련명사,줌바 등장횟수,관련서술어,크로스핏 등장횟수,관련명사,크로스핏 등장횟수,관련서술어,키네시스 등장횟수,관련명사,키네시스 등장횟수,관련서술어,타바타 등장횟수,관련명사,타바타 등장횟수,관련서술어,탱고 등장횟수,관련명사,탱고 등장횟수,관련서술어,트램폴린 등장횟수,관련명사,트램폴린 등장횟수,관련서술어,파운드핏 등장횟수,관련명사,파운드핏 등장횟수,관련서술어,패들보드 등장횟수,관련명사,패들보드 등장횟수,관련서술어,패들핏 등장횟수,관련명사,패들핏 등장횟수,관련서술어,펜싱 등장횟수,관련명사,펜싱 등장횟수,관련서술어,폴댄스 등장횟수,관련명사,폴댄스 등장횟수,관련서술어,플라잉 등장횟수,관련명사,플라잉 등장횟수,관련서술어,플라잉요가 등장횟수,관련명사,플라잉요가 등장횟수,관련서술어,플라잉필라테스 등장횟수,관련명사,플라잉필라테스 등장횟수,관련서술어,필라테스 등장횟수,관련명사,필라테스 등장횟수,관련서술어,필록싱 등장횟수,관련명사,필록싱 등장횟수,관련서술어,하타요가 등장횟수,관련명사,하타요가 등장횟수,관련서술어,핫요가 등장횟수,관련명사,핫요가 등장횟수,관련서술어,헬스 등장횟수,관련명사,헬스 등장횟수,관련서술어,힙레 등장횟수,관련명사,힙레 등장횟수,관련서술어
263,운동,13,많은,263,운동,13,많은,2051,검도,75,좋아요,4581,필라테스,107,들,2875,필라테스,113,다양한,2381,드럼,74,좋은,1029,등산,70,좋아요,3275,살사,108,배우기,4612,필라테스,94,들,7851,복싱,148,죽전,3096,살사,99,배우기,3484,발레,72,좋아요,4864,발레,105,좋아요,4520,댄스,91,와와,9140,번지,287,피지오,5139,번지,108,피지오,4697,번지,298,피지오,4275,복싱,61,좋아요,3208,볼링,365,볼러,3974,요가,349,아쉬,1065,운동,127,타는,3195,살사,90,배우기,2396,서핑,57,배우기,5112,필라테스,391,메디,1206,수상스키,277,빠지,1339,수영,58,좋아요,2330,피닝,159,좋아요,3716,요가,1204,아쉬,1435,아쿠아로,104,좋아요,607,아쿠아,10,좋은,141,아쿠아,7,건강한,1583,클라이밍,1328,클라,1597,댄스,96,하러,142,후프,12,잼있다,1601,요가,95,좋아요,528,운동,487,썹,4749,요가,385,아쉬,3594,필라테스,1141,자이로,4723,댄스,121,나를,5745,점핑,249,허,976,조깅,61,좋아요,3256,짓,73,좋아요,1059,바,52,좋아요,2006,핏,49,좋아요,1389,키네시스,147,자이로,2558,운동,75,필록,2344,탱고,71,좋은,1238,폴린,77,신나게,1189,파운드,310,필록,1842,보드,131,썹,27,패들,6,썹,2603,펜싱,66,좋은,3744,폴,73,좋아요,2833,요가,109,하시,3336,요가,98,좋아요,1905,플라잉,171,다양한,19,필라테스,3,하게,2636,록,1609,필록,4225,요가,327,아쉬,2772,요가,238,좋아요,1306,운동,110,좋아요,747,힙,76,열리는
164,헬스,13,좋아요,164,헬스,13,좋아요,596,운동,68,좋은,1487,운동,89,좋은,1773,바디,101,감사합니다,1815,스틱,66,쳐,398,산,65,좋은,2918,댄스,70,해주세요,1128,운동,64,좋은,2338,운동,121,검단,2386,바차타,84,따,614,무용,65,감사합니다,1394,필라테스,102,예쁜,1165,학원,85,챌,3186,잠실,281,빈야사,3509,요가,95,아쉬,1723,필라테스,183,지피지오,1654,운동,41,배울수,599,볼링장,274,좋아요,851,야사,185,빈야사,1026,사이클,74,가,1964,바차타,79,따,527,여행,53,좋아요,1378,운동,88,다양한,612,웨이크,228,크,402,운동,42,가,1740,운동,81,들,1180,일산,104,따뜻한,1387,빅,103,하면,395,바이크,7,나를,66,운동,5,사는,917,운동,588,클,1594,에어로빅,71,좋아요,131,이리얼,8,날라,893,운동,91,좋은,478,요가,105,많은,1366,인요,138,좋은,2710,자이로,94,새로운,1444,재즈,117,싶다면,2384,운동,104,들,877,운동,52,가,2607,주,50,좋은,820,줌,49,들,1912,크로스,37,좋은,775,필라테스,86,좋아요,1438,다이어트,64,건강한,578,댄스,69,배우기,1228,트램,67,좋은,1132,운동,68,아름다운,1595,패들,73,친절한,14,핏,4,감사합니다,480,클럽,57,좋아요,2358,댄스,44,좋은,2579,플라잉,100,크,1835,플라잉,96,들,1774,필라테스,153,배워,15,기부,2,좋아요,2463,싱,63,좋은,1195,타요,98,따뜻한,1209,핫요가,202,아쉬,953,헬스,107,챌,710,발레,46,자세한
102,다이어트,12,들,102,다이어트,12,들,522,검,49,즐거운,1103,기구,74,좋아요,1372,운동,96,아름다,419,기타,66,많은,297,여행,58,커,1985,라틴,68,보니,770,매트,60,크,2204,다이어트,117,들,1642,댄스,80,보니,414,취미,58,다양한,1234,핏,96,해주세요,1130,방송,85,다양한,2269,요가,261,지피지오,1491,플라이,88,미,1597,운동,90,들,1175,다이어트,39,들,413,팔,144,있을,488,필라테스,87,좋은,1005,자전거,69,좋아요,1565,댄스,76,보니,495,서프,47,좋은,842,요가,82,들,595,스키,94,좋아요,197,부산,35,해서,1042,헬스,64,하면,803,탕가,79,좋은,1094,운동,81,빌리,182,운동,6,타는,57,바이크,5,먹는,700,암벽등반,41,좋아요,1409,운동,57,눌러주세요,116,요가,7,어지럽다,592,필라테스,66,아쉬,310,패들,20,웃자,624,수련,116,한,2248,토닉,60,좋은,1155,폴,78,다양한,1276,니스,97,싶다면,529,러닝,48,뛰,1075,운동,35,즐겁게,805,운동,31,챌,1577,운동,35,해서,721,운동,66,좋은,1210,타바타,60,들,334,공연,64,들,603,운동,44,먹고,1127,핏,66,좋은,1052,서핑,66,좋아,10,서핑,3,좋은,410,운동,53,배우기,1245,운동,39,예쁜,1083,필라테스,80,미,1274,필라테스,66,좋은,1418,요가,85,새로운,10,운동,2,들께,1294,운동,45,들,1108,일산,71,좋은,1073,필라테스,73,다양한,336,다이어트,54,좋은,478,운동,42,이어
83,필라테스,9,해서,83,필라테스,9,해서,451,도관,45,감사합니다,454,다이어트,68,많은,1287,보드,95,치를,288,드러머,61,크,285,운동,35,미치다,1910,바차타,66,해보아요,669,요가,52,해서,1487,뮤직,92,남은,1297,라틴,52,센,397,학원,57,보세요,909,운동,81,아름다,538,반,80,좋아요,1879,플라이,192,짜는,1357,운동,72,좋은,1574,피지,74,드리겠습니다,473,체육관,33,많은,343,티셔츠,75,털어치기,481,운동,56,들,527,로드,53,출,1204,라틴,45,좋아요,490,보드,40,따,755,소도구,72,많은,573,보드,77,좋은,187,수영복,28,하면,521,다이어트,60,먹고,765,수련,68,한,940,수영,67,들,106,스포츠,6,하며,43,테크,5,아는,451,볼더링,39,챌,852,다이어트,51,좋은,59,운동,4,미,349,헬스,49,두고,310,보드,13,좋은,581,수업,105,함께요,1127,운동,48,많은,1075,무용,70,꿈꾸는,1203,피트,97,빼고,424,다이어트,48,좋은,414,팀,30,하면,560,헬스,28,좋은,489,헬스,32,크,705,자이로,60,건강한,835,복싱,50,한,287,아르헨티나,55,많은,438,맘,43,들,761,니스,51,들,657,여행,50,유일하게,8,요가,2,웃으,311,스포츠,35,주는,350,여자,38,들,872,운동,73,좋은,1103,운동,49,다양한,700,운동,85,어떻게,6,다이어트,1,달라진,1042,필,34,넘,752,수련,64,감사합니다,750,운동,69,소소한,270,팔,53,좋,464,포레스티,40,바꿀
64,니스,9,좋은,64,니스,9,좋은,232,동검,39,검단,398,요가,63,건강한,1262,다빈치,95,담다,267,악기,42,좋아요,227,산행,25,좋,859,동호회,63,즐겁게,400,레슨,51,해주세요,947,짐,82,하면,865,동호회,47,들,377,운동,43,들,478,취미,68,만드는,489,취미,56,걸리,1869,니스,155,가더,1242,필라테스,49,한,1390,니스,70,어려울,470,킥복싱,32,좋,271,클럽,68,하면,472,수련,56,좋아요,495,딩,52,준다,804,동호회,37,들,381,발리,34,꾸,422,수업,69,건강한,443,서핑,65,그램데,166,팔,28,했는데,499,팔,58,좋은,587,필라테스,63,들,674,헬스,59,좋은,100,수중,6,들,40,수중,5,좋은,410,암벽,39,져,681,헬스,48,갑니다,27,폴,4,하겠습니다,298,다이어트,45,들,228,서프,13,되는,571,동요,93,많은,487,키네시스,47,들,816,취미,67,우아한,1071,다이어트,94,싶지만,355,마라톤,46,헐,384,다이어트,27,노기,357,댄스,28,감사합니다,414,다이어트,30,섹시한,497,메이플,40,움직이는,683,댄스,46,다양한,266,여행,42,푸,435,점핑,43,좋아요,715,피트,50,된다,463,제주,46,즐길수,7,운동,1,하지요,251,선수,29,감사합니다,244,프로필,36,넘,355,번지,67,들,319,헬스,48,감사합니다,467,해먹,82,낮은,6,후드,1,들고,724,믹스,28,감사합니다,528,백석,62,되는,630,다이어트,58,들,263,필라테스,47,하면,452,벌,38,되는
54,여자,8,몰,54,여자,8,몰,195,학교,38,많은,349,레슨,52,해서,629,요가,94,더하다,218,팔,39,크로,194,겨울,25,해서,751,홍대,57,따,330,기구,47,하며,871,킥복싱,79,좋은,630,홍대,38,좋아요,340,필라테스,43,빠른,476,수업,68,전화하기,411,키즈,42,많은,1862,운동,145,아쉬,927,플라잉,45,들,1377,피트,63,남겨주시면,366,여자,32,하면,265,프로,64,해주세요,467,동요,45,많은,383,바이크,51,만나,646,홍대,34,센,262,송정,30,한,416,레슨,60,높은,383,수상,64,멋져요,161,여행,27,입고,435,니스,55,해서,581,백석,60,많은,577,할인,58,해서,60,나,6,신나게,37,스포츠,4,보니,363,실내,24,해서,628,바,37,쥔,27,취미,4,성공해야,207,수업,42,다양한,206,오션,12,즐길,493,것,91,하며,449,교정,44,보세요,682,학원,66,자라면,686,점프,88,신나는,221,아침,41,먹고,316,본주,26,감사합니다,293,니스,27,죽전,287,남자,29,챌,383,사료,40,들,599,헬스,46,하면,248,땅,38,즐거운,336,육아,42,가볼만,699,바,39,즐거운,463,리조트,39,편안한,6,보드,1,보내고,230,레슨,28,하면,224,다이어트,33,나를,293,다이어트,59,좋아요,308,수업,46,아쉬,334,동작,78,배우고,6,수익금,1,찾아올게요,668,필라테스,27,좋아요,438,필라테스,57,하지,458,플라잉,58,보내,212,니스,46,들,420,꼬끄,37,다양한
53,짐,8,하면,53,짐,8,하면,180,팔,34,좋,316,회원,49,크,592,부산,86,좋은,182,연습,31,그립,193,백,24,좋다,575,취미,54,꾸준히,298,수업,47,않도록,695,여자,76,하러,543,취미,38,미치리,263,수업,42,아름다운,442,무용,68,누르시면,397,힙합,41,와,1827,피트,143,희,734,니스,45,알려,1235,오,62,센,324,남자,31,다양한,224,일상,57,알려,452,수업,44,한,338,라이,47,보실,523,취미,34,좋은,244,강습,29,감사합니다,389,메디,59,좋은,372,펜션,64,이뻐요,151,수영장,27,좋,355,짐,53,먹,435,운동,56,하지,482,주민,57,썬,57,수영,4,쉽게,36,수영,4,들,344,등,21,따뜻한,603,복,37,즐거운,20,여자,4,행복해야,201,샵,41,건강한,170,한강,11,돼,483,시간,90,따뜻한,397,재활,43,건강한,674,발레,66,우아하다,403,강사,80,좋은,208,런닝,38,좋다,289,동주,25,좋,232,다이어트,21,좋습니다,271,여자,28,싶은,375,토닉,36,크,594,요가,42,좋은,185,밀롱가,37,한,282,키즈,41,해서,569,록,35,신나게,410,제주도,39,입고,6,아쿠아,1,잊지,152,스킬,23,하는인의,221,선수,32,감사합니다,286,니스,52,만나는,297,다이어트,40,해서,276,수업,78,먹은,5,바디,1,재밌어,627,다이어트,26,되는,377,시간,55,들,401,아메리카,56,드리고,197,여자,39,많은,405,르,36,한
39,피티,8,깨우기,39,피티,8,깨우기,174,초등,29,검도단,298,헬스,45,다양한,561,퀸,72,자이로,159,광명,30,감사합니다,184,사진,24,한,439,여행,49,맞춰서,296,강사,46,건강한,601,키즈,66,신나는,359,여행,33,좋아하고,214,복,41,좋은,416,레슨,66,자세한,358,무용,39,들,1658,댄스,94,미,716,피트,42,새로운,645,요가,61,짜는,323,권투,28,좋은,221,티,51,본,388,강사,44,감사합니다,246,덕,37,디져,403,여행,31,많은,228,파도,27,미치다,385,기구,58,따라,357,운동,63,져,132,태연,26,한,325,필라테스,46,많은,375,수업,49,되는,420,스포츠센터,45,감사합니다,52,강사,4,않아요,34,수영장,3,챙겨,269,라임,20,좋은,579,줌,35,들,19,댄스,3,해서,198,여자,39,젊,153,패,11,해서,446,과정,80,감사합니다,369,강사,42,자세한,528,운동,65,할수있습니다,402,수업,78,새로운,181,오늘,37,뜀,274,킥복싱,23,클,231,필라테스,21,건강한,172,역도,23,한다,338,팀,35,해서,528,핏,40,많은,179,취미,36,멋진,276,헬스,40,많은,568,줌,33,신나고,404,스쿠버,36,커,4,시간,1,않으시는,144,대표,18,되는,220,대회,31,필리,246,수업,48,피지오,256,강사,33,많은,273,샵,76,봤다,5,구미,1,좋아,608,광주,25,먹고,372,수업,55,하게,391,증가,48,좋은,181,남자,34,크,369,시티,28,와
36,피트,8,크,36,피트,8,크,172,대한검도회,27,하면,281,점,45,해주세요,548,헬스,66,많은,142,비트,29,해서,172,눈,22,하면,429,수업,44,들,265,소도구,46,아쉬,560,남자,62,멋짐,336,수업,26,댄,206,댄스,39,많은,413,상담,61,들,340,커버,38,먹,1343,필라테스,71,드세요,592,잠실,42,해보세요,489,스튜디오,54,미,260,울산,27,아니야,220,키,49,커,356,레슨,43,해주세요,223,수영,35,좋은,377,수업,31,감사합니다,218,카페,26,팜,371,다이어트,58,아쉬,297,팔,62,그램오오,126,일상,26,좋은,297,강사,45,필리,349,맘,48,감사합니다,407,학생,37,많은,48,수영장,4,즐기는,27,물,3,해주세요,204,남자,20,하면,352,방송,31,춤추는,19,플라잉,3,연결하는게,192,팔,36,해왔습니다,129,힐링,10,들,421,지도자,74,되는,350,레슨,42,감사합니다,501,반,60,갑니다,359,시분,74,없음,179,일상,37,먹,236,격투기,22,들,157,피트,20,하겠습니다,165,복싱,22,한,322,닥터,34,넘,486,구미,34,되는,161,춤,30,해서,263,다이어트,38,트니,554,싱,33,되는,372,운동,35,가볼만,4,감사,1,나눠주셔서,132,국가,17,많은,216,수업,31,자세한,227,동요,46,감사합니다,245,여자,30,먹고,263,근력,76,빼고,5,회원,1,이뻐,607,경기,23,하면,359,맘,53,빈야사,381,동요,44,빈야사,168,바디,28,해서,334,핏,27,들으며
35,팔,7,먹고,35,팔,7,먹고,135,체육,27,단련,275,수업,45,메디,537,고투,66,부산해운,137,선물,28,입고,170,패킹,21,먹,423,운동,42,해서,261,그룹,45,하다,480,정통,58,살빼기,316,강습,24,해서,193,팔,39,예쁜,409,학원,46,좋은,322,춤,38,즐겁게,1240,피지,70,들,555,교육,42,어떤,487,플라잉,50,챌,257,주,25,하는거야,210,볼러,48,되며,266,탕가,40,하며,223,인종,35,보세요,307,강습,30,즐거운,176,캠프,24,많은,350,강사,55,의한,271,키,55,하지,120,소녀,25,미단,288,여자,39,건강한,317,시간,47,해서,403,수영장,33,먹고,43,물,4,넘,26,밸리,3,나왔어요,164,여자,20,다르던데,333,신혼,30,잼있는,16,스카이,3,부족했나,190,일상,33,해서,121,수영장,9,즐기는,409,몸,68,한다,307,트레이닝,41,받으세요,494,직장,60,특별한,322,파티,68,신나게,175,팔,37,뛰고,221,도복,22,하겠습니다,150,수업,20,많은,158,오늘,22,와,317,샵,33,얼라인,462,짐,33,감사합니다,136,수업,29,새로운,243,카페,37,가,414,댄스,33,감사합니다,354,샵,35,써,3,패,1,즐기세요,128,체육,15,함께하세요,216,취미,30,해서,225,여자,43,믿고,207,번지,30,보내셨나요,250,시간,76,되는지,4,일상,1,버렸,545,바레,20,열릴,351,것,51,한다,366,팔,43,많은,162,짐,25,먹,325,니스,26,신나는
35,식단,6,드리겠습니다,35,식단,6,드리겠습니다,135,해동검도,25,해서,274,그룹,40,않도록,472,화명동,64,들,134,꽃,27,다양한,164,팔,20,참,394,방콕,36,많은,248,회원,40,메디,477,헬스,57,신난다,307,강남,24,많은,191,상담,37,해주세요,366,스튜디오,45,보세요,288,오디션,35,셀기,1233,대구,64,보세요,524,산요,41,보세요,433,수업,46,좋은,237,짓,25,놓치지,204,링스타,48,있,248,몸,37,다양한,221,팔,33,한다,300,쿠바,27,댄,169,운동,22,새로운,336,회원,53,좋아요,254,레저,46,싸,119,시대,24,많은,253,수업,38,가,305,것,41,좋아요,322,주례,27,빌,42,밸리,4,보소,25,레포츠,3,한,148,스포츠,19,들,321,강사,30,쎄오,16,촬영,3,봐,181,니스,31,해주세요,119,필라테스,9,하러,398,마음,66,하지,303,부산,35,해보세요,418,수업,58,지겹고,321,슈즈,65,많은,149,식단,35,오르기,213,여자,19,짓수,148,장,19,다양한,147,짐,22,잇,257,스토리,30,되는,457,키즈,29,먹고,134,남미,27,쓰,242,아기,33,들에게,311,우지인,32,많은,288,세부,31,살자,3,스포츠,1,만들어주셔서,128,집사부,14,들,209,연맹,26,타는,220,헬스,41,아쉬,203,일상,28,하면,249,진행,75,익숙하다,4,시즌,1,먹고,470,댄스,20,특별한,331,개인,49,하며,353,안양,36,되는,152,일상,24,먹고,285,웰,26,넘나
35,트레이너,6,감사합니다,35,트레이너,6,감사합니다,130,아들,25,베기,272,교정,39,들의,450,니스,47,하면,120,판매,25,먹,153,등,20,들,365,강습,35,받으세요,247,동작,38,감사합니다,436,클럽,49,재밌고,280,춤,23,넘,176,일상,28,참,354,다이어트,42,건강하고,287,팔,35,해주세요,1003,오,63,알려,459,삼각지,41,빈야사,419,플라이,46,하다,232,격투기,24,해서하는게,180,연습,47,뽑겠습니다,235,힐링,34,나를,218,철,32,많은,276,강남,26,해서,167,샵,22,크서,335,상담,45,해주세요,252,패션,42,가,106,점,24,하느냐,234,휘트,36,마세요,282,나,40,산단,322,노원,25,넘,41,레포츠,4,되는,17,건강,3,맞춰,140,취미,19,크,309,여자,29,해서,16,프로필,3,않아,178,백,29,많은,119,서핑,8,신나게,356,강사,62,하게,293,센터,34,느끼고,390,힙합,58,괴롭고,269,머신,63,몰,142,러너,31,가볍게,204,짐,19,많은,142,강사,18,해서,131,팔,21,다양한,222,대구,30,좋,446,건강,28,해서,129,부에노스아이레스,27,미치다,233,아들,33,뛰고,272,다이어트,32,멋진,283,보라카이,31,먹,3,여자,1,유익한,119,팔,14,받으세요,197,요가,25,해야,216,피트,39,입니,195,레슨,28,미,229,레슨,63,죽전,4,사업,1,시키면서,358,바이,19,하자,303,레슨,49,한,337,점,36,대,141,피트,19,해주세요,280,레,24,좋은
31,남자,6,따라,31,남자,6,따라,124,관장,20,하겠습니다,257,바디,38,하면,395,핏,46,메디,112,케이스,24,가,150,일상,19,많은,354,다이어트,35,잘추는,234,다이어트,37,예쁜,410,중,45,특별히,262,소셜,23,즐거운,170,공연,27,바른,349,요가,40,하면,280,운동,34,좋은,963,플라잉,62,새로운,451,다이어트,39,꿀까,392,교육,40,좋아요,231,헬스,24,잼있으니까,157,텐,47,드립니다리,230,것,33,건강한,203,여자,32,하며,266,운동,26,미치리,163,부산,21,걷는,328,교정,45,정확한,245,원스,37,즐거운,100,카페,23,미,223,일상,35,챌,279,개인,39,한다,316,아쿠아,24,했는데,40,리더스,4,즐겨,17,마곡,3,빠져,139,울산,18,한,274,니스,29,집전주,13,내,2,나도,164,몸,28,하면,117,여자,8,된서,322,필라테스,56,나를,287,기구,31,되는,380,춤,58,특별하게,268,반,63,싸,137,헬스,30,하면,191,체육관,18,입고,134,핏,17,하면,109,점,20,감사합니다,221,피티,28,많은,411,그룹,27,좋아요,127,음악,27,좋아요,212,집,32,가득하시길,258,필,29,신나는,267,카이트,31,좋은,2,패들링,1,신나는,115,방향제,14,멋진,190,스포츠,23,했는데,208,일상,38,듣는,188,개인,28,하러,225,몸,62,좋은,4,감사,1,푸,355,넉,19,뛰다,299,몸,46,따,254,교정,36,건강한,124,식단,19,만들어,202,서울숲,24,함께한
30,장,6,한,30,장,6,한,124,다이어트,19,참,253,여자,34,하지,386,평택,44,깨끗한,110,피아노,23,들,131,시간,19,보니,351,춤,28,멋진,232,점,37,많은,352,풍동,45,편히,252,운동,22,해주세요,169,핏,27,아름다,347,교정,37,드릴게요,247,직장,30,배우기,868,교육,59,좋은,404,강사,37,다양한,390,다이어트,38,감사합니다,230,짐,24,흘리며,154,자세,47,남겨주세요,228,시간,32,하지,188,남자,28,들,239,춤,23,해주세요,156,고성,20,즐거운,298,부산,44,있으니,226,옷,36,하겠습니다,97,나,23,먹고,218,점,34,만들어,273,동요,39,하다,288,요가,23,좋다,39,트레드밀,4,보세요,16,법,3,다양한,137,사진,18,다양한,249,장,27,먹고,13,생활,2,좋은,160,발레,28,한,114,행복,8,마친,296,소마,54,좋아요,281,그룹,28,좋아요,355,아트,57,눌러주세요,259,트램,58,뛰고,128,마스크,29,한,182,팔,18,해서,130,휘트,17,보세요,107,니스,20,들,214,교육,26,감사합니다,356,피닝,26,하겠습니다,126,부산,26,보세요,198,제주,32,좋아하는,246,스캣,29,즐겁게,261,센터,27,엄청난,2,필라테스,1,하시는데도,114,학원,13,오셔서,163,쌤,23,그립,202,울산,33,보세요,178,점,26,하지,211,동안,59,키우고,3,룩스,1,들이,355,아웃,19,걸리면,288,나,46,많은,241,일상,33,즐겁고,120,데일리,19,한,195,힙합,24,가
29,일상,6,하러,29,일상,6,하러,120,도장,19,한,242,개인,33,하며,381,자이로,43,되는,106,악기점,21,보세요,131,캠핑,19,한다,292,클럽,28,좋아요,213,개인,37,다양한,321,맛집,42,놓치지,229,클럽,22,좋은,153,교정,24,아닌,297,전화,35,해보세요,239,다이어트,30,쉽고,731,자격증,54,해보세요,376,댄스,37,되는,389,키즈,36,해서,204,팔,24,검단,151,투,47,끝난,219,나,31,함께요,188,러닝,27,와,237,클럽,20,까사,156,양양,20,크,277,개인,44,않도록,219,남양주,35,먹,95,써니,23,되는,218,장,29,아닌,266,레슨,37,나를,249,팔,23,한,39,아쿠,4,않는,15,강사,3,꾸준히,131,산,16,했는데,222,사람,26,많은,13,에이리얼,2,아니,156,바디,27,보세요,114,감사,8,감사합니다,294,명상,53,될,262,청담,25,즐거운,352,복,53,진정한,257,교육,51,즐겁게,113,남자,28,했는데,177,남자,18,그래,125,여자,17,먹고,101,바디,20,클,194,반려,25,자세한,348,바디,24,즐거운,115,아사도,26,예쁜,179,일상,32,넘,231,그룹,26,새로운,246,패,25,따뜻하게,2,제주도,1,들,112,마스크,13,하자,163,스튜디오,22,미,201,지도자,32,행복한,178,기구,25,받으세요,209,다이어트,59,부드러운,3,점,1,잡으러,311,핏,19,죽는다,243,동요,45,하다,235,여자,33,먹,114,피티,18,건강한,194,바,20,즐겨
28,오늘,6,끝나고,28,오늘,6,끝나고,117,중,18,새로운,217,건강,33,되는,374,다이어트,43,가능한,105,나,20,보니,125,나,18,그려,267,텐션,28,까사,205,시간,35,되는,318,회원,42,흘리며,214,다이어트,20,까사,149,스튜디오,24,매거진,292,스트레칭,33,아름답게,237,팝,28,편하게,637,목동,53,되는,369,마스터,36,많은,352,자격증,36,많은,189,클럽,20,대,149,리그,45,좋,207,플라잉,31,되는,180,다이어트,27,해주고,235,소셜,19,만나요,153,바다,20,되는,271,점,42,산단,216,일상,35,받으세요,94,윤아,21,다양한,211,회원,26,대,239,타요,36,하면,232,다이어트,21,하러,37,라이더,4,살빼기,15,점프,2,그러니,122,체험,15,가볼만,211,발레,25,독하게,11,여행,1,했어용,154,맘,24,하며,107,여행,8,하며,291,가요,52,들,227,교육,23,넘,351,예술,42,감사합니다,243,회원,47,닫히지,110,미세먼지,26,해서,176,벨트,17,끝나고,122,피닝,15,되구요,100,팀,19,즐거운,184,일상,24,팜,322,교정,23,아쉬,114,나,23,다양한,178,개월,31,편안하게,218,필라테스,23,먹고,215,다이빙,24,빌리면,2,워너,1,하시네요,111,유도,13,아니라,159,반,21,클,198,키즈,28,신나는,176,김포,24,했어요,209,워크,59,이룰,3,눈,1,입고,310,바,19,신리,238,탕가,41,해서,223,개,33,배우러,112,소통,17,다양한,171,글로벌,20,했던
28,휘트,5,꾸준히,28,휘트,5,꾸준히,113,초,16,끝나고,215,강사,33,보니,362,피트,41,든든한,103,베이스,19,멋진,112,것,17,않은,251,영어,27,새로운,200,헬스,35,좋아요,306,매탄,36,다양한,213,파티,17,춤추는,141,유아,23,만드는,254,방문,32,참,234,줌,27,있다면,602,다이어트,49,출,368,수업,36,가능한,313,중마동,32,한,187,팀,17,즐겁게,149,램,40,맞,199,가요,31,좋,160,팀,25,빠르게,226,다이어트,19,클,152,서퍼,18,예쁜,262,플라잉,40,빠른,214,제트,32,부이,93,티파니,20,참,202,건강,25,다양한,238,몸,34,보니,200,영장,21,새로운,35,점프,4,건강한,14,수업,2,그렇다면,121,일상,15,보실,208,요가,23,해주세요,10,저장,1,싶은거,153,나,24,챌,102,최지원,8,따뜻한,285,나,51,해주세요,225,창업,22,하지,349,방송,42,하면,243,천안,47,않았다고,108,소통,25,달리는,175,울산,16,하러,120,요가,15,되도록,98,교육,18,하면,179,근육,23,열리는,292,바,22,하지,112,것,23,보니,177,엄마,30,보내시고,194,여자,22,하네요,204,렌탈,24,미치다,2,제주,1,와요,110,석고,12,행복한,157,점,20,크로,198,맘,25,있,176,니스,23,하게,209,그룹,58,올바르게,3,인바디,1,어울려요,290,줌,18,건강한,231,마음,40,해주세요,202,명,32,신나는,107,챌린지,15,들의,150,취미,20,쎄
27,시리즈,5,보세요,27,시리즈,5,보세요,112,아이,15,받으세요,215,상담,31,따,345,토닉,41,친절한,103,핑,18,치는,107,트레,17,갈,235,댄스스포츠,24,센,184,상담,31,할수,305,관장,35,즐거운,209,에버,17,감사합니다,140,중,23,탄,231,시간,32,되는,231,수업,27,하면서,578,탄츠,49,소중해인,347,아메리카,33,하면,295,강사,31,탄,181,트레이닝,17,확실한,142,취미,39,좋은,193,빈,31,시르사,155,일상,25,하면,203,영어,18,즐겁게,145,트립,18,탄,257,재활,40,되는,208,남자,32,달려,93,효연,20,해주세요,192,피트,25,하겠습니다,231,가요,34,다양한,177,상계,20,좋아,34,마곡,4,싸,14,중,2,드세요,119,등산,14,하다,181,필라테스,22,먹지,8,맘속,1,할거야,150,플라잉,24,먹고,100,실장,7,줄거에요,275,탕가,51,깊은,216,스튜디오,21,먹고,346,스토어,40,걸리,241,클럽,47,한다면,106,나,24,뛰기,168,오후,16,단련,118,바디,15,겁니다,96,일상,17,싶으신,176,몸,22,바꿀,282,테라,22,보세요,112,시간,23,참,169,딸,30,바라겠습니다,191,수업,22,건강한,190,서프,23,받으세요,2,아쿠,1,했어요,103,인생,12,받고,153,바디,20,아니라,182,기구,25,가하는,167,시간,22,좋,193,시퀀스,55,합니다내,3,데일리,1,아노,262,니스,18,가,217,지도자,40,있다,199,제주,32,살빼기,105,핏,15,드려요,149,무용,18,신나게
27,기구,5,하겠습니다,27,기구,5,하겠습니다,108,남자,15,어떻게,197,체형,30,하면서,339,트레이닝,40,하자,102,중,18,써,106,정상,17,가,229,파티,23,배워,182,교정,31,하면서,302,점,33,있다,202,영어,15,출,136,다이어트,22,남겨주세요,230,여자,31,많은,227,복,25,춤추는,577,핏,46,원하시는,328,가능,33,하지,284,바,28,새로운,164,광주,17,했는데,140,운동,38,치는,191,플로우,31,하게,145,나,24,없다,196,파티,18,되는,142,일상,17,까,230,전화,39,아니라,196,카페,32,놀러,90,다이어트,19,하다,189,선,25,원하는,228,헬스,33,하게,174,금호,19,즐거운,33,순천,4,타면서,14,아쿠아로,2,책임지는,107,문제,13,많은,180,힙합,22,감사합니다,8,블라디보스톡,1,먹고싶은,146,강사,24,참,100,미소,7,보면,269,타요,49,보세요,215,수업,21,미,305,바,39,많은,231,키즈,47,아프다면,106,홈,24,받으세요,162,부,16,만나,112,센터,15,따라,96,박스,17,집니다,169,니스,21,이어,260,수업,22,살빼기,111,카페,23,되는,168,아이,30,건강하세요,182,강사,21,소소한,176,비치,23,가봤으니깐,2,아패,1,나서,99,상승,11,좋,145,학원,20,얼리,172,호평,24,해서,161,동요,22,행복한,188,서커스,46,들,3,팔,1,예뻐요,254,요가,17,아닌,214,강사,38,나를,193,헬스,30,확실한,102,기구,14,늘리기,149,요가,17,새로운
26,하루,5,받습니다,26,하루,5,받습니다,105,교육,15,좋아,193,몸,28,해보세요,306,수업,37,만들어,101,연주,18,어드럼,105,킹,17,대,212,활동,22,좋은,173,여자,30,따라,284,와코,32,따져,180,텐션,14,만나요,134,요가,22,자세한,223,팔,31,건강한,225,바,25,댄,554,수업,45,들어,327,필라,32,해서,283,번,28,좋,162,키즈,17,재미있게,131,동호회,38,감사합니다,190,개인,31,새로운,137,철인,23,해서,178,공연,18,없을시,134,속초,17,큰,224,진행,39,풍부한,189,여자,30,들,87,수모,19,들,185,요가,24,좋,213,플라잉,33,있다,173,여자,19,하면서,30,재활,4,빠져,13,엠,2,가,96,짐,13,넘,177,전주,21,좋,8,아트,1,고마워용,140,시간,23,했는데,96,플러스,7,는,268,샵,48,새로운,194,자격증,20,해주세요,294,줌,37,좋,224,여자,45,즐거운,105,것,22,있다,162,키즈,16,가,111,무인,15,원하는,92,맛집,17,쓰,156,웰,20,한,257,줌,21,클,109,레슨,22,자세한,153,니스,30,찾아오시는,175,요가,20,화창한,166,투어,23,가능함,2,천,1,하셨다,99,외,11,해주셨습니다,137,웨어,19,좋,165,호평동,24,느껴,156,스튜디오,22,되는,176,토요일,34,많은,3,중,1,끊어,239,피트,16,신나게,210,아사,38,산단,190,중,29,받으세요,101,점,14,하겠습니다,145,데이,17,해주세요
25,트레이닝,4,드리는,25,트레이닝,4,드리는,102,대전,14,희,158,오늘,26,예쁜,293,플라잉,35,보고왔어요,99,카,17,하겠습니다,100,맛집,17,좋아,207,공연,21,자세한,170,오늘,30,보세요,252,동탄,32,아깝지,166,활동,14,미,133,반,21,잡힌,214,입시,31,다양한,206,노래,25,싸,546,핫요가,45,많은,326,과정,30,따라,265,상담,28,되는,157,선수,17,감사합니다,130,소통,37,하겠습니다,189,오늘,26,즐거운,133,소통,23,먹고,171,텐션,17,새로운,128,롱,17,커,222,자세,39,해서,183,레져,29,는,86,오늘,18,넘,179,남자,24,되는,212,교정,30,하면서,172,스포츠,18,가는,30,중,3,빠른,12,리더스,2,않아,95,클라이머,13,눌러,171,부부,20,넘이길,8,러시아,1,돌았음,136,건강,23,따라,94,카카오,6,즐겁게,265,워크,43,돕는,193,바디,20,하시면,288,실용,36,해보세요,222,폴린,43,열린,99,달리기,21,박질,160,관장,15,되는,111,짐,14,들어가게,92,트레이닝,16,해야,152,아치,20,해보세요,250,필라테스,20,깊은,107,왈츠,22,하게,152,점프,28,즐거운,155,서산,20,됐습니다,165,카톡,23,많습니다,2,삼,1,신나게,95,선물,11,편안하게,133,필라테스,18,탄,159,스튜디오,23,되는,153,연휴,21,건강한,173,것,32,감사합니다,3,헬스,1,따,215,티오,16,새로운,206,과정,36,시르사,187,가능,29,따뜻한,98,장,14,입고,143,줌,17,있답니다
24,가능,4,찍어,24,가능,4,찍어,99,나,14,멋진,154,동작,25,않게,251,장,34,해보세요,99,음악,17,새로운,98,오늘,16,벤,204,쌤,20,자유롭게,167,자격증,28,하지,248,팔,32,않으실,163,공연,14,신나게,132,입시,21,않으면,210,자세,30,감사합니다,205,에어로빅,25,함께라면,490,과정,44,는,316,추가,29,좋아요,262,맛집,25,즐겁게,151,맛집,17,찐,129,여자,32,싸,188,다이어트,26,행복한,126,시간,21,받으세요,169,활동,17,먹고,118,사진,17,하면,217,몸,37,하셔서,181,다이빙,28,입니,86,오픈,18,하게,172,센터,24,해야,211,강사,30,참,169,순천,18,끝나고,29,시티,3,다양한,11,삼,2,되는,92,암장,13,새로운,159,쌤,20,챌,8,스터,1,좋겠다,132,수련,22,하면서,93,자유,6,매거진,247,선생,43,빠른,190,요가,19,메디,287,에어로빅,33,싸,221,모집,42,걸리면,95,때,21,들,158,호신술,14,커,101,점,14,들을수있는,91,업,15,많은,148,수성구,20,넘나,246,광주,20,넘,102,동호회,21,감사합니다,144,키카,25,뛰어,144,공연,20,따끈한,163,캠프,22,더워요,2,수영장,1,하셨는데,92,골프,11,재밌는,130,오늘,18,넘나,157,향수,22,니당,153,팔,21,보세요,168,핏,30,해서,3,요가,1,했었죠,201,복싱,16,다양한,202,선생,35,하면,176,체형,28,하면,97,건강,13,하러,120,댄스,17,우아한
24,시간,4,싸,24,시간,4,싸,96,부,13,한다,153,중,24,감사합니다,232,선생,33,흘리고,96,거스,16,만나,92,소통,16,따라,200,소셜,19,한,165,진행,28,드리겠습니다,246,광주,29,오셔서,152,파타야,13,먹고,132,동탄,21,전화하기,202,예약,30,남겨주시면,194,입시,24,받으세요,485,핫,44,들은,314,용산,28,얼리,259,핏,25,아닌,144,일상,16,따져,129,핀,31,입니다텐,187,여자,26,가하는,117,트라이애슬론,21,새로운,152,파타야,17,멋진,115,펜션,17,다양한,215,그룹,36,소중한,158,오,27,올,83,서현,18,한다,170,가능,23,타는,209,마음,30,어떤,168,정보,18,하게,29,엠,3,물안에서,11,생활,2,되었어요,89,부산,12,보고싶은,155,팔,20,따라,7,부산,1,찍어야겠다오,128,데일리,22,꾸준히,93,수중,6,멋지게,245,야사,42,만들어,184,시간,19,다양한,270,여자,31,어렵지,216,제주,41,뛰다,94,건강,20,안전한,144,레슬링,14,해주세요,94,맛집,14,되는거죠,90,피트,15,힘든,143,퍼스널,20,하면,244,양재,19,굳은,102,커플,20,받으세요,144,나,25,놀고,140,바디,20,머물게,162,보딩,22,배우러,2,캠핑,1,마셨답니다,92,액자,11,해서,126,가능,18,해주세요,155,나,22,다양한,148,댄스,21,끝나고,166,주세요,28,아쉬,3,티,1,하겠다고,187,수업,16,만들어,197,오창,34,뜨리,168,매트,26,됩니다운,96,맛집,13,가,117,티켓,16,놀고
22,요가,4,있어서,22,요가,4,있어서,96,여자,13,먹고,152,시간,24,하시고,228,소도구,31,하겠습니다,92,선,16,만들어,91,다이어트,16,하며,195,강남,19,하셔서,162,몸,28,하면,242,진해,28,강하고,147,쌤,13,참,129,발레리나,21,누르시면,201,수강,30,해서,185,걸스,24,싶다면,483,지도자,43,배워,311,국제,28,맞춰,253,헬스,24,피지오의,141,부천,16,아깝지,123,러키,28,탄,184,과정,24,자세한,117,대회,20,넘,141,쌤,17,출,113,맛집,16,그려,215,동작,36,주셔서,154,고객,27,크서,82,시간,18,즐겁게,166,시간,23,하러,197,피티,28,해주세요,166,개인,18,건강한,26,다이어트,3,작은,11,빅,2,터지는,86,나,12,걷고싶은,153,휘트,20,될,7,날,1,봐서,128,가능,21,나를,93,뚝섬,5,아름다운,238,개인,42,다양한,183,아치,19,한,240,현대,31,자세한,196,점,41,해보세요,91,조,20,뛸,144,중,13,크,94,광주,14,기대하셔도,90,장,15,할수있는,126,청담,18,따,233,동탄,19,달려온,101,학원,20,자유롭게,143,마인드,24,좋아,134,헬스,20,넘,162,하우스,21,해서,2,점프,1,빠지려고,89,취미,11,즐거운,119,광주,18,할수,154,피지,21,따라,148,가능,21,건강하게,163,오늘,27,되는,3,아디,1,드렸었습니다,179,바디,15,센,195,운동,34,될,167,강사,26,나오시면,96,오늘,13,하지,117,육아,15,먹고
21,홈,4,아닌,21,홈,4,아닌,94,수련,13,즐겁게,143,니스,24,들이,227,회원,31,시키는,90,타악기,15,했는데,90,내,15,되는,188,바,19,보세요,160,중,27,하게,231,센터,28,날씬해지려면,146,키,13,멋진,127,스트레칭,20,는,190,댄스,30,받으세요,181,영상,24,어떨까,477,발레,42,잼나게,306,용산구,27,만나,239,대구,23,다양한,140,핏,16,않으실,121,거,28,해서,177,소마,24,해서,114,오늘,20,클,139,바,15,한,110,해변,15,하며,213,여자,35,있나요,153,판매,26,살자,81,남자,16,예쁘다,163,중,23,자세한,195,오늘,28,하며,165,대학교,17,했던,25,자전거,3,하러,10,속,2,필요한,78,마곡,12,큰건,151,저녁,20,하면,6,인생,1,신기하고,125,오늘,21,되는,91,배럴,5,내쉬,230,시작,42,어떤,175,강서구,19,싫을,239,시청,30,않아요,192,만,41,죽는다,90,시간,20,넘,135,일상,13,멋짐,93,회원,14,필요하신,88,코치,15,되는,126,메스타,18,빌리지자,231,맛집,19,함께가요,101,한글,18,하지,143,하루,24,큰,133,제천,19,해서,161,교육,21,다양한,2,바이크,1,탄듯,87,강남,10,어떻게,117,팔,18,많은,152,몸,21,자세한건,147,해먹,20,즐거운,162,내,24,하며,3,구매,1,하던,178,제천,15,행복한,191,헬스,33,않는,167,수업,26,살뺄거아이가,94,회원,13,마세요,117,필라테스,14,만나
21,바디,4,하게,21,바디,4,하게,91,일상,13,하지,140,센터,24,하러,223,트램,30,새로운,90,일상,15,좋아하는,89,블랙,15,나도,176,부산,19,즐거운,151,핏,25,새로운,228,식사동,28,껴라,137,좀바,13,즐겁게,121,가방,20,좋,176,몸,29,아름다운,172,데프,24,배우고싶은,466,국제,42,해봐요,302,제공,26,하러,226,기구,22,쓰,128,크로스,16,겁니다대,119,게임,26,들,169,마음,23,하면,107,여행,20,하게,138,정모,15,먹,103,제주,15,있어,198,맘,35,기다리지,147,수제,26,시키고,80,트레이닝,16,보니,160,오늘,23,즐겁게,193,스튜디오,27,빈야사,164,동서대,17,미,24,요가,3,빌리지,10,재활,2,신나는,78,갤러리,12,아니겠지,143,집,19,새로운,6,샷,1,즐거웠어요,121,피트,20,좋,89,수영,5,썬,226,내,41,만나요,174,니스,18,크,228,공연,30,춤추는,190,공연,40,하지,90,훈련,20,좋,133,복싱,13,대,91,시간,14,다가가세요,85,체험,15,재미있는,123,헬스,17,빌리지,228,니스,19,해가든,98,댄스스포츠,18,미,138,바운스,24,신나는,128,호텔,18,맞춰,159,겨울,20,험,2,처음,1,하셨습니다,86,서울,10,한,115,접수,18,챌,151,평내,21,빈야사,140,몸,19,넘,153,지구,21,좋아요,3,진행,1,했었던,168,점핑,15,할만,185,가요,32,즐거운,167,방배역,25,예뻐지는,91,중,12,보세요,112,파티,14,모여
21,개인,4,좋,21,개인,4,좋,91,짓,13,신은,135,이벤트,24,꾸준히,215,스포츠,30,선보입니다,90,밴드,15,하면,85,때,15,가고,155,파타야,19,파소,150,지도자,24,아니라,227,보정동,28,지매,130,방콕,13,넘나,116,오,20,해서,169,복,29,예쁘게,159,발레,24,해보세용,454,마스터,42,탄,294,키즈,26,감사합니다,223,교정,22,해주세요,127,중,16,해서,119,남자,23,많은,164,그룹,23,와,107,헬스,20,해준,132,방콕,14,갈,101,영상,15,와,190,오늘,35,받으세요,145,가평,26,감사합니다,79,짐,16,따뜻한,160,맛집,22,해용,191,야사,26,받으세요,163,개금,17,보니,23,하이드로,3,새로운,10,진행,2,하러,76,소니,12,사길,130,개월,19,먹,6,오,1,뜨겁게,117,거,20,해야,80,유원지,5,빠질,221,우리,41,해야,173,그래비티,18,하며,211,점,29,시키는,188,중,40,넘,89,번,19,한다,127,유도,13,합시다,81,팔,14,진정한가치,84,피티,15,했는데,122,여자,15,새로운,227,트레이닝,19,즐겁게,97,댄서,18,아니라,138,시간,22,즐겁게,125,프로,18,좋아요,154,가능,20,운사,2,복이,1,빡심,81,형재,10,있으신,112,오픈,17,팜,150,강사,20,하시고,137,지도자,19,했는데,143,여자,21,행복한,3,제작,1,되었구요,158,그룹,15,즐거운,183,피티,31,받으세요,165,탕가,23,한,91,트레이닝,12,감사합니다,111,일상,13,귀여운
21,군산,4,좋아,21,군산,4,좋아,91,학원,12,소소한,133,자세,23,들을,212,교육,29,가리,88,혼,14,있어서,79,제주,15,될,155,초급,19,즐기는,150,과정,24,즐거운,223,지도,28,가져가실,126,모임,13,크,115,레슨,20,되는,168,관리,29,드려요,152,아트,24,얻어가는,451,여자,41,가능한,294,용인,25,가능합니다가,220,탄츠,21,그램데,122,상담,16,미,113,영상,22,크,154,지도자,23,한다,102,샵,20,커,128,키,14,와,101,겨울,14,편안한,185,센터,34,달라집니다,135,서프,25,할것,77,것,16,어떻게,158,바디,22,추운,181,아사,26,건강한,160,경남,16,가서,23,협회,3,하면서,10,이채,2,해주셔서,76,이미지,12,한다,129,트레이닝,18,나를,6,모델,1,추운거였어요,115,가방,19,하지,77,일상,5,멋진,220,대요,40,보는,172,화곡,17,함께하세요,200,전문가,29,들,176,이프,39,감사합니다,88,중,18,참,123,고릴라,13,도르,80,영상,14,들의,84,가능,15,아닌,119,국제,15,먹고,223,홈,17,하게,92,번,18,될,131,우리,22,푸,123,센터,18,들과,153,바다,20,먹고,2,아빠,1,즐기시는,81,대회,10,할수있도록,111,사진,17,새로운,142,용인,20,좋기,131,회원,18,참,142,컨트롤,20,하면,3,단가,1,해주는,154,쌤,15,하게,177,교정,31,꾸준히,161,야사,23,해주세요,89,프로필,12,되는,105,한국,13,만나요
21,사람,4,따,21,사람,4,따,89,맘,12,있고,133,진행,23,보내셨나요,210,양산,29,만나요,86,바이올린,14,배우기,77,하이킹,15,가는,146,반,17,하면,149,재활,24,될,217,울산,28,힘든,119,커플,13,클,114,후,20,느껴,162,현대,29,즐거운,148,일상,24,머물렀던,443,플,40,어떤,290,테스,24,마세요,212,여자,21,행복하기,122,스파링,13,보면,107,볼링공,22,미치다,148,테라,22,같아요,101,훈련,19,크,123,좀바,14,하지,98,스키,14,해서,184,예약,34,들에게,132,캠프,25,하길,74,거,15,새롭게,147,소통,22,놓치지,170,오창,25,즐거운,160,냉정,16,즐겁게,23,피닝,3,신나는,10,핏,2,해야,75,에이스,12,타는,126,수업,18,해야,6,스냅샷,1,벨리,110,것,19,하게,77,강사,5,놀러,214,레슨,39,하면,171,피트,17,커,191,아이돌,28,필요한,175,벌라,39,센,87,런,18,쉬운,116,떼,12,새로운,78,봉선동,14,오테,82,필라테스,15,할수,116,견,14,만들어,218,크로스,16,좋습니다,89,바,18,하며,129,증산,21,가서,123,프레지던트,16,함께라서,142,필리핀,20,한,2,본색,1,많아,80,이종,10,갑니다,107,몸,16,되는,140,소통,20,앉아있는,130,바디,18,해주세요,138,강사,19,가서나,3,판매,1,하려,154,여자,14,해서,167,하타,31,깊은,161,바디,23,아름다운,88,웨이트,12,알려,101,클래스,12,즐길
20,머신,4,대,20,머신,4,대,88,성북,12,없다,130,재활,21,하게,209,리듬,29,즐겨,86,플,14,새로,77,취미,14,멋진,138,토요일,17,편안한,146,자세,23,가르치는,215,파주,27,감사합니다,117,나,12,새로운,114,데일리,19,보내주시지,159,대전,26,어려울,147,아카데미,24,즐거워요,440,스튜디오,38,멋진,288,피지,24,하고싶다면,206,마스터,21,넘,122,점,13,하러,105,선,20,꾸,146,타요,21,받으세요,100,선수,18,감사합니다,119,맛집,14,나도,95,나,14,타는,180,체형,34,맡길,131,제품,25,들과,73,광안리,15,하겠습니다,146,나,21,입고,167,여자,25,주는,155,시간,16,센,22,수업,3,해주신,10,동작,2,해볼까,73,영상,12,오면,119,짐,17,하지,6,쌤,1,쨈의,107,진행,18,않는,73,닝,5,아쉬,209,운동,38,만나는,169,체형,17,하면,184,입시,28,가능한,164,시간,38,보세요,84,산책,18,달려,115,헬스,12,자세한,77,일상,14,가,82,부산,14,즐겁게,112,트레이너,14,해야,216,경기,16,될,88,파티,17,추는,128,교육,21,하면,119,광안리,16,활기찬,140,키스,20,하기에,2,물놀,,,80,격투기,10,좋아하는,107,콤,16,따라,134,시간,20,했어요,128,맛집,18,즐겁게,135,거,19,한,3,신도림,1,두었으니,150,강사,14,주는,163,명상,30,와,158,힐링,22,미,88,몸,12,놓치지,95,하루,12,함께해
20,관리,4,꾸준한,20,관리,4,꾸준한,83,검도장,12,해야,127,예약,21,마세요,207,팔,29,움직이게,86,취미,13,한다,77,거,14,없고,137,커플,16,만나요,141,예약,23,했어요,209,무에타이,27,열려있습니다,115,오사카,12,나도,111,패션,18,즐거운,159,연휴,26,드리겠습니다,146,스토어,24,온리,402,무용,37,날다,281,진행,24,될지,199,가능,21,받으세요,120,웨이트,13,해주세요,103,볼린,19,먹고,144,아사,21,보다,98,동호회,18,되는,118,모임,14,행복한,95,시간,14,했는데,176,건강,33,감사합니다,130,보트,24,하였습니다,72,자유,15,할수,146,폴,21,한,161,명상,23,될,148,강사,15,참,21,속,3,고맙습니다,9,협회,2,있다,72,데이트,12,감사합니다,114,피닝,17,댄,6,아티스트,1,아기자기한,103,내,17,했어요,72,시간,5,대,201,교육,38,자세한,168,몸,17,만나,181,진행,28,한,164,구미,36,멋진,82,거,16,보니,112,종합,12,즐거운,76,건강,13,배울,78,수업,14,하게,112,센터,14,가,207,피,16,하며,83,라틴,17,까,126,휘트,20,감사합니다,115,점핑,16,재밌고,137,리다,20,따,2,물,,,80,쇼트트랙,10,만들어,105,거,16,될,134,맛집,20,건강하게,124,폴,18,산단,116,회원,18,줍니다,2,천,1,어떤,144,스캣,14,참,159,자세,29,건강한,158,회원,22,하시면,85,시간,11,는,88,맘,12,남기신
20,바이러스,4,하며,20,바이러스,4,하며,83,등,12,행복한,125,강화,20,한,205,점프,29,현란한,85,렉,13,되는,75,야크,14,큰,135,클래스,16,될,139,교육,23,들이,207,머슬,26,많은,115,바,12,행복한,105,맘,18,나를,158,후,26,찌니,145,맘,23,즐거운,374,줌,37,한,275,프로그램,24,들어,198,만,21,신나는,115,관장,12,날려,103,사이즈,18,그립,143,교정,20,꾸준히,97,사진,18,한,118,시간,14,따라,93,강원도,14,가볼만,172,교육,33,느끼려면,128,스쿠버,24,달라진,72,유리,15,따라,144,교육,19,꾸준한,159,솔,23,있을,148,키즈,15,되는,21,아쿠아로,3,배우고,9,승무원,2,힘내자,69,점,12,만나,113,관리,17,예쁜,5,거,1,배워,97,직장,17,어떻게,69,이색,5,안전하고,195,신청,38,필요한,163,토탈,17,예쁜,179,서울,27,필요없이,163,쌤,33,먹고,81,일기,16,뛰는,105,코리아,12,배울,66,진행,13,한,78,체력,14,드는,111,건강,14,는,205,팔,16,건강하게,80,우리,17,와,124,건강,19,했는데,107,아카데미,16,탄탄한,135,강습,19,가까운,2,남자,,,80,사부,10,넘,104,나,15,하지,130,핏,20,받으세요,121,건강,17,한,109,과정,16,먹고,2,호,1,읽어,136,우리,14,해보세요,156,순천,28,참,156,번,22,감사합니다,84,등,11,해야지,86,캣츠,12,쏩니다
19,헬린,4,시키는,19,헬린,4,시키는,82,감사,12,검우,124,남자,20,드리겠습니다,204,최고,29,화려한,84,내,13,와,73,번,14,아닌,133,복,16,고잔,131,스튜디오,23,들의,203,수업,26,좋아요,115,부산,12,한,105,여자,17,했는데,158,신사동,25,원하시는,132,예술,21,갑니다,371,키즈,35,해서,267,중,23,해주세요,197,쌤,20,드세요,112,더원,12,노기,100,반사,17,쳐,137,매트,20,맞아,92,것,17,있지만,116,클래스,13,하면,87,렌탈,14,행복한,168,오창,32,주는,127,스쿨,24,할것을,71,물,15,해야,137,보험,19,마시고,151,매트,21,하러,141,원수영,15,하겠습니다,21,이탈리아,3,나왔어요,8,일기,2,튼,67,시간,11,먹고,112,건강,17,크,5,사진,1,봐야지,97,중,16,하러,66,프립,5,만들어,181,등록,37,참,156,자세,16,와,175,가능,27,팜,162,빅,32,열립니다,78,필터,15,뛰어,96,안성,12,건강한,64,소통,12,빠른,78,프로필,14,커,110,장신구,13,했던,200,키,16,따라,79,일상,17,하면,120,유아,19,한,106,믹스,16,섹시한,134,펀,19,유일한,1,하나,,,78,레전드,10,한다,104,촬영,15,예쁘게,129,피닝,19,많은,120,피트,17,하며,107,니스,16,만들어,2,여자,1,보실,136,헬스,14,예쁜,155,오늘,27,따라,155,시간,21,추운,83,헬린,11,맞는,85,골든,11,우아하게
19,건강,4,건강하세요,19,건강,4,건강하세요,81,오늘,12,들,121,가능,20,먹고,196,컴퍼니,29,뛰고,83,삼익,13,넘,68,길,14,했는데,132,직장,15,출,128,센터,22,예쁘게,201,일상,25,갈,114,정모,11,가,104,가능,17,하면,151,일상,25,하시면,130,실용,20,될,354,가능,33,써네,262,오,23,탄,196,레슨,20,지피,107,수업,12,죽전,94,팀,17,먹,135,호흡,19,보내,90,맛,17,건강한,116,일상,13,하면서,84,취미,13,모아,165,매트,31,되세요,125,강습,24,밝힙니다,71,맘,14,나다소,133,데일리,19,저렴한,150,키즈,21,싶은,140,나,15,다양한,21,이채,3,놀자,8,강서,1,그렇다,67,팔,11,좋아,112,만,16,본,5,기니,1,멀어,95,사진,16,좋습니다,65,한혜진,5,강력한,180,그룹,37,부드럽게,143,다이어트,16,해서,174,다이어트,27,드려,161,근력,32,신리,78,날,15,하다,95,점,11,배울수,63,피티,12,하러,77,센터,14,해주세요,106,다이어트,13,와,194,방송,16,하면서,76,크리스마스,16,좋아하는,116,오늘,18,신난다,104,짐,16,하러,133,클럽,19,깨끗한,1,요패,,,77,생활,10,된다,103,대전,15,가,128,천안,19,아름다운,116,오늘,16,아니라,100,일상,16,힘내,2,기구,1,그럼,135,타바타,13,한,147,자격증,27,좋아요,147,등록,20,편하게,81,관리,11,어떻게,84,여자,11,넘
18,끝,4,찾아오시는,18,끝,4,찾아오시는,80,우리,12,느리울,119,관리,20,끝나고,195,프로그램,29,맞는,83,인친,13,갈,68,여자,14,먹고,126,중,15,행복합니다,126,모던,22,꾸준히,201,코,25,받으세요,112,수원,11,하지,102,시간,17,보니,150,개인,24,가능하며,128,레슨,20,되는,338,아시아,33,하지,256,친구,22,희,185,회원,20,해주신,107,건강,12,되는,94,체험,16,즐겁게,131,회원,19,갈,89,클럽,17,다양한,115,오사카,13,넘,83,스리랑카,13,즐길,150,시간,31,했어요,124,이슬라,24,할수있도록,69,데일리,14,챌,129,쌤,19,했는데,149,백,21,아닌,135,수업,14,해야,21,테크,3,맞춰,8,자전거,1,난다,66,번,11,는,110,핏,16,하는데,5,공연,1,가는데만,93,선물,15,하겠습니다,64,헬스,5,즐겨요,177,감사,37,빈야사,143,압구정,15,들의,172,커뮤니티,27,섹시해지는,160,피닝,32,재미있는,77,공원,15,하면서,94,수도복,11,있다,63,남자,12,넘,76,무료,13,힘든신,106,게임,12,먹,194,피트,15,올,74,사랑,16,빠져,113,방방,18,가자,102,서울,15,두드리며,132,죽도,19,트입으면,1,카본,,,77,목동,9,보내세요,102,일상,14,해주셔서,127,교육,19,꿀까,112,교정,16,해도,100,상무,16,내쉬며,2,강사,1,까요,132,주말,13,멋진,142,야사,26,해야,144,홍대,20,새로운,80,가능,11,하시면,81,홍대,11,감사합니다
18,것,3,이뻐,18,것,3,이뻐,78,호구,11,했는데,116,팔,19,마시고,195,점,29,시원하게,83,것,13,좋,67,행복,14,보면,125,키,14,행복한,124,워크,21,아름다운,196,더원,24,건강한,109,클래스,11,하면,100,방문,17,넘,150,번지,24,했어요,127,아이돌,20,눌러주세요,321,리얼,30,있어서,246,자격증,21,큰,183,전화,20,알려,99,그룹,12,가,94,샘플,16,하였습니다,124,홍대,18,했어요,88,마라톤,15,참,112,오픈,13,는,78,해수욕장,13,가진,140,맛집,30,알려,124,스포츠,24,기울여,68,여자,13,졸린,127,바,19,신디,148,선생,20,큰,133,수중,14,신나게,20,시작,3,해서,8,회,1,되면,66,다이어트,11,멋집,109,로빅,16,한,5,우리,1,흐린,92,개,15,필요한,61,만,5,재밌고,175,빈,36,있다,140,회원,15,행복한,172,살롱,27,분이내,159,서귀포,31,해서,76,연휴,15,가서,92,수업,11,비,62,대구,12,새로운,75,시작,13,채워,102,것,12,심진아,192,즈,15,했는데,73,날,16,하자,111,방학,18,하러,100,바레,15,멋지고,130,오션,18,감사합니다,1,커팅,,,76,수업,9,나도,101,신청,14,갈,127,팔,19,좋,111,중,15,넓은,99,사용,15,들과,2,사진첩,1,이었지만,130,레슨,13,큰,142,플라잉,25,주는,142,시작,19,즐거운,79,닭,11,대,80,부기,11,배워
18,불금,3,올리고,18,불금,3,올리고,78,취미,11,본,111,시작,19,할수,195,번지,28,해서,83,레슨,12,쓰,67,사람,14,좋고,125,모임,14,넘,122,건강,21,먹고,194,장,23,않는,109,일상,11,했어,99,사진,16,따,147,건강,22,센,126,공연,19,그래,312,에스,30,걸고,244,번,21,할수,182,몸,19,원하시는,98,내,12,한,94,약간,16,센,121,내,18,하러,84,몸,15,빨간,111,직장,12,춤추는,77,패들,13,가는,134,최고,30,얻어가세요,116,여행,24,보다나은,66,헬스,13,깨끗하고,124,연휴,18,꾸준히,147,때,20,들이,130,바,14,얻으실,20,여행,3,해보세요,8,패들,1,해서,64,일산,10,판대,107,사랑,16,다양한,5,잼,1,많다는데,91,남자,15,자세한,61,스탠드업,5,새로운,173,홍대,34,부드러운,136,건강,14,하러,172,남녀,27,안전한,154,헬스,29,하면서,75,여자,14,해야,92,맛집,11,넘,61,시작,11,즐겁게,74,대구,13,내려가는,100,시간,12,해주세요,188,필라,14,되도록,73,반,16,놀면서,110,필라테스,17,썬,100,오아시스,14,싸,129,게스트,18,많은,1,달,,,74,중,9,같다는,100,세미나,14,마세요,126,배,18,하며,109,거,15,자세한,95,여행,15,않기,2,구경,1,하셨습니다,128,교정,13,커,139,감사,25,새로운,141,상담,19,행복한,77,트레이너,11,해야,80,오프닝,11,길들이기
18,발레,3,탄,18,발레,3,탄,74,후,11,는,110,때,19,있으니,191,라이브,27,좋아요,82,거,12,받은,66,생각,13,하러,117,쿠바,14,보는,117,바디,21,만들어,193,경기,23,좋고,109,쿠바,11,나를,99,전화,16,챌,146,유아,22,궁금하신건,125,실용음악,18,보내세요,301,영천,29,했는데,241,플러스,21,보실수,179,과정,19,따라,96,니스,12,자세한,94,하자,16,좋아,117,자세,18,들이,81,비타민,15,않아,107,수원,12,받으세요,75,오늘,13,대,132,연휴,28,해보세요,116,데일리,24,지키겠습니다,65,접영,13,건강하게,123,시작,18,넘,146,주차,19,먹고,128,건강,14,와,19,포레스티,3,감사합니다,7,점,1,없다,64,잼,10,자세한,107,천,15,건강한,5,성공,1,좋은데,91,점,15,아름다운,61,친구,5,예쁜,172,만,32,드리,127,개인,14,하겠습니다,170,댄서,27,입어요,151,아산,28,하면,74,다이어터,14,하러,92,존,11,한다,61,오늘,11,입고,72,지부,13,벌수있어요,100,팔,12,건강하게,187,장운동,14,겁니다,70,피아졸라,16,배우는,106,중,17,나도,97,오늘,14,했답니다,119,동호회,17,즐기는,1,쇠톱,,,73,대전,9,할께요,99,연습,14,크,121,교정,18,크도,109,상담,15,반하다,90,위,14,즐거운,2,프로필,1,하지,119,나,13,많은,138,산요,22,하면서,136,건강,18,하지,75,선,11,하며,79,가희,11,많은
18,제주,3,즐거운,18,제주,3,즐거운,74,체력,11,이룸,107,바이러스,18,오셔서,186,웨이트,26,해본,82,어쿠스틱,12,먹어,65,코스,13,않는,117,좀바,13,드려요,115,청주,20,알려,190,텐,23,만들어,103,직장,10,따라,98,소통,16,만들어,144,중,22,여쭤,124,안무,18,감사합니다,293,동요,29,얼리,240,여자,20,와가,178,옥계,19,했어요,96,시간,11,끝나고,91,후,15,좋다,117,구요,17,했던,77,중,15,즐겨,105,나,12,참,72,것,12,기를,130,산후,28,즐거운,115,사진,24,있던,63,반,13,빠르게,115,모집,18,는,145,회원,19,했는데,127,우리,14,서,19,벌,3,아름다운,7,나,1,정확히,62,거,10,보고싶잖아,105,내,15,하시면,4,디,1,없,91,소통,15,부드러운,58,몬스터,5,하면,166,자격증,32,어떻게,125,대구,14,하시고,168,영상,27,옳다,143,자격증,27,필록,74,몸,13,하지,92,경기도,10,하고싶다,60,중,11,좋,72,번,13,늦기전에,97,데이,12,비오는,181,여자,14,중요한,70,팔,16,특별한,106,곳,17,다양한,95,엑스,14,행복해요,118,태화강,17,좋아요,1,김용수,,,70,학교,9,큰,98,시간,13,하면,121,김포,17,하면,108,과정,15,해야,90,마음,14,해야,2,빵,1,않으셨지만,110,맘,12,끝나고,136,주차,22,보내세요,132,방배,18,건강하게,74,거,11,했는데,77,티,10,놀러
17,웨이트,3,본다,17,웨이트,3,본다,73,시간,11,해주신,107,등록,18,찐,184,폴린,26,보자,81,프로,12,파라디,65,눈꽃,13,있다,116,로드,12,참,114,코어,20,큰,178,크로스,21,즐겁게,103,생활,10,했는데,97,우리,16,만나,143,진행,22,한,122,보컬,18,미,287,자격,27,감사합니다,235,아시아,20,해야,175,그룹,19,하게,94,무브먼트,11,건강하게,86,대전,15,치시는,113,중,17,움직이는,76,취미,15,자세한,104,커플,12,싸,71,홀릭,12,있다,125,모던,27,있답니다,115,전국,24,성장하는,63,평영,13,먹,115,관리,17,끝나고,139,맛집,19,들을,122,일상,13,했어요,18,페달,3,하지,7,일상,1,안든다,59,센터,10,보세요,104,유산소,15,가,4,여미,1,갑니다,88,우리,15,만드는,57,수업,5,보자구요,165,플로우,31,건강한,112,국제,14,높은,167,메이폴,26,넘,142,영상,26,큰,72,필터링,13,뛰었다,91,오전,10,쎈,58,작업,11,자세한,72,중,13,늦어요,97,강아지,12,나도,169,유산소,14,좋,69,탱,16,배워,104,소통,17,센,91,릴리즈,14,편한,118,해변,15,듣지,1,특화,,,70,상담,9,참,92,교육,13,하다가,120,과정,17,건강한,104,번,15,예쁜,89,수련,14,예쁜,2,화보,1,해주신,109,엘리트,12,보세요,135,스튜디오,22,작은,129,추가,18,좋,73,나,11,하면서,77,프로그램,10,나도
17,데일리,3,보니,17,데일리,3,보니,67,것,10,보자,106,것,18,만들어,179,북구,26,빠른,81,공연,12,어릴,65,아웃도어,12,건강한,114,사진,12,하며,112,바,20,해보세요,176,핏,20,해서,98,일본,10,하게,97,여성,15,해보세요,142,체형,22,는,121,전주,18,배우고,280,강사,27,맞춰,228,코어,19,와,174,중,18,할께요,94,레슬링,11,맞춤지도,83,데일리,15,했던,111,선생,17,작은,76,함유,14,된다,98,일본,11,배워,70,데일리,12,들,123,산전,27,하게,114,골프,24,봅니다,62,소통,13,갈,114,포인트,17,하게,138,힐링,18,꾸준히,122,것,13,받고,18,지나,3,벨리,7,주,1,맞는진,59,반,9,되는,101,프로필,14,되는,4,나,1,완전히는,88,후,14,예쁜,56,윈드서핑,4,될,158,해부학,31,아름다운,111,머신,14,서래,158,연습,25,해서,142,등,25,않은,71,트,13,건강한,91,상담,10,보세요,58,등록,11,있으신,71,몸,13,조은,95,펄,12,해주신,168,체력,14,는,69,예술,15,만나요,103,거,17,작은,90,스킬,13,즐겁고,109,막탄,15,기다리고있습니다,1,립스틱,,,68,후,9,서래,91,체험,13,하러,118,중,16,즐겁게,104,시작,14,해보세요,88,주일,13,따라,2,트레이닝,1,계셨답니다,108,체형,12,좋아하는,132,장,22,행복한,128,무료,18,믿고,72,스포츠,10,꾸준히,76,데일리,10,입고
17,점,3,그럼,17,점,3,그럼,66,사랑,10,바른,105,일상,18,건강하게,179,벌,26,보세요,81,학원,12,싶은,63,헬스,12,하지,114,일상,12,댄,111,키즈,20,올바른,172,개월,20,와서,97,사진,10,아름다운,95,한국,15,예쁘게,138,가능,22,바르고,117,스트릿,17,좋,275,원장,27,해용,216,등,19,해봐요,173,지도자,18,하지,93,미트,10,재미있는,83,중,14,즐거운,110,팔,17,어떤,74,기록,14,따라,96,것,11,되,70,소통,12,들이,122,센텀,27,들의,114,중,24,올림,61,가능,13,큰,113,피티,17,해야지,137,장,18,않는,119,회원,12,있고,18,몸,2,하시면,7,시작,1,몰겠는데,58,홀드,9,쉽게,98,회원,14,해가든,4,한국,1,안되지만,87,가요,14,미,56,수상,4,나아가는,157,진행,30,와,109,주회,13,만들어,157,팔,24,좋은,142,센터,24,마세요,71,쉐이크,12,많은,89,여성,10,했는데,56,컨텐츠,10,클,71,나,13,빌리,95,슛,11,따라,158,트,13,들어가게,68,중,15,고잔,103,만,17,놀기,90,몸,13,하러오세요,107,시간,15,가,1,립,,,68,대학교,9,새로운,90,때,13,했어요,117,뉴욕,16,없고,99,진행,14,될,87,심화,13,될,2,오,1,하겠습니다,106,펌프,12,하셨습니다,129,시작,22,어떤,125,가방,17,해서,71,것,10,둔,74,포스팅,10,보면
16,개월,3,느껴,16,개월,3,느껴,65,구검,10,다양한,103,전화,17,받아,175,소사,26,들의,78,도매,11,참,60,날,12,된다,114,학원,12,출수,108,것,20,꾸준함이답,170,체육관,19,쉽게,94,슈얼,10,낄라,94,오늘,15,새로운,138,발레티,21,보내세요,117,점,17,한,270,직강,27,와,213,후,19,아닌,172,대,18,보세요,92,체력,10,살빼기,82,나,14,있으시면,109,해부학,17,가,72,내,14,하시면,95,사진,11,했어,69,빌라,12,입고,119,후,27,만들어,112,한강,24,해서,61,번,12,클,113,줌,17,했던,137,탕,18,시르사,119,오늘,12,아닌,17,핏,2,탁월한,7,프로그램,1,먹었,58,다이노,9,즐거운,98,맛집,14,넘,4,스냅,1,높은,87,때,14,새로운,51,문의,4,춘,156,호흡,30,가져,107,우리,13,가,155,연맹,24,보니,138,것,24,얼리,68,직장,12,와서,87,블랙,10,확실한,55,스튜디오,10,확실한,70,만,12,가,94,장식,11,같아요,153,오픈,13,되구요,67,사람,15,파소,95,여자,16,놀러,90,대구,13,보세요,107,오픈,14,타는,1,스틱,,,67,동호인,9,시키면,88,레슨,13,입고,114,회원,16,잡힌,99,구래동,14,가,87,법,13,꾸준히,2,인친,1,감사합니다기,105,몸,12,좋아,128,사나,22,다양한,121,진행,17,하러,68,휘트,10,미,73,뷰티,10,맞춰
16,저녁,3,씻는,16,저녁,3,씻는,65,시작,10,삼우,103,맛집,17,미,174,지도자,24,내는,77,현악기,11,져,59,대명,12,이쁜,113,새해,12,쉽게,105,번,19,한,169,그룹,18,싶을,94,팔,10,는,94,폴,15,먹,138,컬리,21,될,115,쌤,16,신나게,257,경력,26,다양한,199,예약,19,했는데,172,김천,18,남지사,90,종합,10,만들어,82,랭,14,해드림단,107,인요,16,만나요,72,인친,14,되지,91,중,11,그럼,67,팔,12,서,116,연산,24,꾸준히,110,겨울,24,부탁드려요,61,때,12,있다,111,것,16,챙겨,135,마이,18,가하는,118,그룹,12,높은,17,빅,2,내며,7,강습,1,오셨어요,57,맛집,9,가서,97,나,14,건강하게,4,시간,1,걸어서,86,마음,14,드려요,50,명상,4,와,152,사,30,따른,107,시작,13,얼리,149,나,23,멋진,137,유산소,23,한,67,바이러스,12,꾸준히,87,어린이,10,드리겠습니다,54,감사,10,하며,67,와드,12,푸,94,그림,11,보세요,151,센터,13,들을수있는,67,사진,15,해주신,95,때,16,해야,89,시간,12,했어요,107,날씨,14,싸,1,녹색,,,65,부,9,되며,88,근력,12,먹고,113,자격증,16,들어,93,리얼,14,있,85,바디,13,즐겁게,2,바람막이,1,들께서,105,시간,11,는,128,호흡,21,했던,121,밸런스,16,먹고,68,어깨,10,받아,73,스,9,행복한
16,회원,3,끌어,16,회원,3,끌어,64,사범,9,해야지,103,손,17,참,173,플로우,24,둔,77,첼로,11,있는데,59,풍경,11,했던,113,연말,12,할수,104,용담동,19,않게,162,초,18,살빠지는,89,반,9,갈,92,교육,14,즐겁게,135,신청,21,같아요,112,진행,15,행복한,255,시분,26,탁월한,198,처인구,18,어떻게,167,광양,17,맞춰,90,회원,10,하겠습니다,81,선수,14,탈아대,107,감사,16,하면서,71,이상,13,평범한,91,부산,11,아름다운,67,달,12,가,114,카톡,24,행복한,109,부,22,많은,60,중,12,해보세,109,기구,16,신나게,134,시작,18,가,118,남자,12,만들어,16,최고,2,안전하고,7,다이어트,1,대,55,백,9,미,97,점,14,떠나는,4,서커스,1,올라갈수,85,명품,14,감사합니다,50,칼,4,필요한,148,교정,29,특별한,104,코스,12,만나요,147,한국,22,좋아요,137,우리,22,즐기는,65,다이어트식,12,달릴,87,오늘,10,재울,54,관리,10,건강하게,67,부업,11,하지,94,강사,11,보면,150,서킷,13,되는거죠,67,모임,15,한다,92,사랑,16,받으세요,89,교육,11,만나,102,일상,14,했는데,1,스탠드업,,,64,유아,9,되면,85,헬스,12,해야지,109,행복,15,할수있다,91,동작,14,않게,85,해,13,봅니다,2,동복,1,정확한,103,시대,11,나를,125,내,21,큰,118,관리,16,건강해지는,66,요가,9,좋아,73,브,9,즐겁게
16,시작,3,올리시길,16,시작,3,올리시길,61,여행,9,빠른,102,코로나,17,따라,170,휘트,23,쉽고,77,룻,11,하게,58,중,11,는,113,생활,12,아름다운,102,남자,18,드려요,162,코치,18,즐겁습니다,89,초급,9,배워,91,전공,13,가능한,133,회원,20,아니라,110,코레,14,멋진,254,쌤,25,따라,191,산점,18,넘,166,댄스,17,챈,89,무에타이,10,쨉,79,모집,13,했는데,105,사나,16,했는데,70,레드,13,갈,87,초급,11,자오,67,풀,12,해주세요,111,우리,24,하면,106,파크,22,가볼만,60,내,12,쾌적한,109,거,16,보내셨나요,133,내,18,된다,118,체육,12,나도,16,회,2,했는데,7,파크힐,1,젊은,54,헬스,8,찍는,95,근력,14,줍니다,4,성탄절,1,써,84,맛집,14,만나,50,로버,4,있으신,147,가마,29,주는,104,선생,12,있어,146,안무,22,해주세요,135,나,22,오셔서,64,단일,12,있어서,86,킹덤,9,와,53,것,10,찐,66,시간,11,빠짐,90,피엠,11,하면서,148,진해,13,기대하셔도,64,시작,14,넘,90,놀이,16,될,89,트레이닝,11,시키는,102,체험,14,되는,1,주년,,,63,개인,8,하며,83,피트,12,시키는,108,오늘,15,하지,91,키즈,13,있다,83,기존,12,넘,2,아침,1,받고싶다고도,102,평일,11,하지,123,집중,21,해보세요,116,가요,15,가,63,때,9,하자,72,서울,9,싶다면
16,집,3,막아야,16,집,3,막아야,60,캠프,9,무사히,99,오픈,16,가,166,그룹,23,해주세요,77,카시오,11,같아요,58,설산,11,어떤,112,오사카,11,들어,102,가능,18,되지,162,선수,18,한다,83,스다,9,있다,88,초등,13,잊지,131,주세요,20,만들어,107,사람,14,하면,250,바,25,받아,185,맘,18,될,165,제주,17,아닙니다,84,거,10,한다,79,대회,12,잘치고,105,스튜디오,16,하다,70,스포츠,13,출고진,85,반,10,같아요,64,릴라,11,하지,111,자격,23,한,105,부산,22,품실사,59,일기,12,보다,109,몸,16,해주세요,133,과정,18,는,117,줌,11,않아,15,무릎,2,갈,6,인증,1,들어오십니다,52,주말,8,참,93,피티,13,해드리고,4,닝,1,따,83,명상,13,있다,48,실내,4,강하게,144,후,29,는,103,점,12,하면서,144,스튜디오,22,싶은,135,무료,22,함께해,63,데일리,11,입고,85,수주,9,보자,52,하루,9,미,65,건강,11,즐겁고,90,글로벌,11,보니,147,오늘,13,필요하신,62,맛집,14,없다,88,것,16,보자,89,진행,11,강한,101,게,14,보자,1,전통,,,63,경기,8,알려,83,중,12,해보세요,108,점,15,즐거운,90,센터,13,나다,81,나,12,알려,2,사항,1,두었으며,100,엄마,11,와,122,맨즈,21,아니라,116,내방역,15,같아요,62,사진,9,들을,72,워커힐,9,왔을
16,등록,3,이겨내는,16,등록,3,이겨내는,60,내,9,큰,98,번,16,맞는,164,길음,22,배워,76,클라리넷,11,좋아,57,곳,11,본,112,오픈,11,썬,102,니스,18,보다,159,시간,17,재밌게,83,연말,9,쓰,88,현대,13,건강한,131,반,20,만나요,105,운정,14,해서,247,티칭,25,어떻게,180,상담,18,찾아,159,시간,17,감사해요,83,정통,10,만나,78,벤트,12,아님,105,피,16,챙김,70,때,13,가는,85,번,10,찾아,64,랜드,11,먹고,110,번지,23,하시고,101,북한,22,인한,56,최수영,12,중요합니다,109,댄스,16,즐거운,131,무료,17,가는,115,수강,11,행복한,15,시간,2,가고,6,후,1,필수지만이,52,홍대,8,뛰,93,체형,13,받으세요,4,연습,1,한다,83,프로필,13,좋다,47,토요일,4,건강하게,143,인천,28,행복한,102,진행,12,감사해요,142,쌤,19,받아,135,체험,22,따라,63,겨울,11,본,85,선수,9,한,52,맘,9,하지,64,진행,11,해야지,85,부산,11,다양한,147,근력,13,다가가세요,60,내,14,올리면,87,실내,15,죽전,87,이온,11,다양한,100,카약,14,마세,1,명품,,,61,자리,8,있을것,83,강사,12,한,105,개월,15,새로운,88,때,13,새로운,81,광주,12,좋아하는,2,당시,1,받았습니다,100,전충,11,맞춰,121,샵,21,용당,114,기간,15,하면서,60,셀카,9,큰,69,램,9,오고
15,혜택,3,입니다다같이,15,혜택,3,입니다다같이,60,동탄,9,관대한,98,거,16,있을,163,덕천,22,보겠습니다,76,우쿠,11,작은,57,말,11,했지만,110,수원,11,알마,100,필라,18,받으세요,155,전주,17,배우고,77,시간,9,싸,88,친구,13,보내셨나요,129,클래스,20,더테라,101,연습,14,댄마,245,석사,25,해야,177,정읍,18,드립니다지,159,발레,16,뛰어,83,부산,10,고맙고,75,이번,12,새로운,105,가능,15,따뜻한,69,필수,13,좋,85,생활,10,하며,63,거,11,하다,110,번,22,않게,98,것,22,불가합니다,56,배영,12,지루하지,108,부산,16,와,130,지도자,17,하는데,115,센터,11,있어,15,동작,2,한다,6,삶,1,부족한,52,것,8,두더,93,트,13,편안한,4,프랑스,1,맞춰야,83,아침,13,따,47,펜,4,길었던,142,체형,28,챙김,100,척추,12,좋아하는,139,요기,18,배울수,130,코리아,22,빠짐,62,관리,11,감사합니다,82,등록,9,유일한,51,몸,9,아프로,63,정식,11,하다,85,중,10,있어,133,킥복싱,13,진정한가치,59,데,14,담긴,87,생일,15,한다,87,부산,11,하게,100,릴라,14,하러,1,각자,,,60,일상,8,보내시고,82,영상,11,빠르게,104,자세,15,한,87,우리,13,안전한,80,부위,12,건강한,2,약속,1,받는대로,100,남공주,11,할수,120,우리,20,어떻게,114,홈,15,아닌,59,후,9,될,69,포르,9,심하게
15,맛집,3,오셔서,15,맛집,3,오셔서,60,구청,9,바뀐다,96,연휴,16,아니라,162,여자,21,간지나게,76,렐레,11,미,56,건강,11,찍고,108,번,11,되는,100,체형,18,높은,151,카톡,17,하자,75,맛집,9,받으세요,87,셀카,13,한,125,니스,20,먹고,99,시간,14,아닌,244,프로그램,25,될지,173,센터,18,즐거운,152,구,16,넘나,79,장,9,없다,73,진행,12,자세히,104,현대,15,즐겁게,67,통영,13,해주세요,83,주차,10,하게,60,교육,11,미,108,근육,22,보내세요,98,강,22,구겨,56,사람,12,않게,107,터닝,16,먹었다,129,소통,17,아니라,113,소통,11,배워,15,아스,2,있나,6,사진,1,채워져야,51,오늘,8,센,92,몸,12,좋아,4,한복,1,된다,82,시작,13,넘,46,일요일,4,해오고,140,주말,28,쉬운,99,기능,12,확실한,136,샵,18,배우고,128,가능,21,해주신,62,사람,11,없어서,79,스파링,9,다양한,50,거,9,즐거운,63,터,11,자세한,80,육학,10,하다,132,중,13,해야,58,연주,14,보는,87,휘트니,15,되는,86,타바타,10,해야,96,윈드서핑,13,하다,1,하루,,,58,키즈,8,안전하게,81,번,11,이쁜,104,번,15,할수있는,87,가요,13,원하는,80,마륵동,12,않게,2,방법,1,알려,100,대학교,11,해주세요,120,워크,20,갈,113,기구,15,맞아,59,프로,9,샐러,68,공연,9,내려오지
15,소통,3,어떠실까,15,소통,3,어떠실까,59,선수,9,탄,94,후,16,했어요,161,기능,20,대더,76,철산,11,특별한,56,보험,11,먹는,102,정모,11,어린,100,방문,17,가,150,복서,17,특별할인,75,베이직,9,그럼,86,의류,13,부탁드려요,125,바디,20,하시고,99,스튜디오,14,보러와,241,트,24,마세요,172,점프,18,없었다,151,일상,16,하며,78,지도,9,해야지,71,오늘,11,많지만,103,체형,15,부드럽고,67,기능,13,본,82,핫,10,신나게,60,하우스,11,팜서,108,홈,21,원하시는,97,대구,22,아니며,55,시작,12,하면서,106,핏,16,들께,129,사나,17,보면,113,중,11,있다,14,효과,2,싶고,6,대표,1,믿고,50,완,8,올,90,파워,12,싸,4,우린,1,새로운,82,카톡,13,아름다,42,서울,4,째가,140,강릉,27,아닌,98,오후,12,믿고,135,추천,18,댄,124,유니언,21,하셨습니다,61,트레이닝,11,힘들다,78,프랭클,9,먹고,50,개인,9,끝나고,60,타임,11,하러,79,애견,10,하며,122,체형,13,보니,58,영어,14,하면서,85,장,15,해주세요,86,워터,10,예쁨,96,강사,13,넘,1,안,,,57,등,8,했어,81,니스,11,하는데,103,줌,14,없지만,87,자격증,12,가하는,79,에어리얼,11,와,2,생각,1,드리겠습니다,100,부종,11,까,118,키즈,20,있고,112,겨울,14,는,56,가슴살,9,나도,67,크루,9,누리는
15,거,3,들에게,15,거,3,들에게,59,사진,9,즐겁고,92,스튜디오,16,해야,160,시간,20,먹는,76,소매,11,오셔서,55,그림,10,와서,96,룸바,11,즐기기,99,팔,17,만들고,149,맘,17,입니다단,73,중,9,빤,85,지갑,12,특별한,124,피트,18,하며,96,오,14,센,238,스킬,24,가능합니다가,172,시간,17,날다,143,우리,16,오는,78,생활,9,건강한,71,핸드,11,소중한,103,자격증,15,느껴,66,아미노산,13,해줘야,79,설,10,이쁜,59,행복,11,빠지,107,스튜디오,20,꼼꼼한,96,기업,22,아닙니다,55,어린이,11,그랬다,106,프로필,15,감사합니다,125,다이어트,17,마세요,113,레슨,11,소소한,14,패들,2,빠르게,6,서울,1,건강해지는,49,여행,8,좋,90,일상,12,배울,4,행복,1,예쁘게,82,샤넬,13,그럼,38,원회,4,일거에요,139,움직임,27,불가합니다,98,감사,12,될,130,안산,17,보세요,120,저녁,21,끝나고,61,집,11,와,75,지부,9,검단,50,트레이닝,9,되는,60,사람,11,분시,79,오늘,10,좋다,122,시간,13,좋다,57,탭,14,쉽게,83,팔,15,보니,86,건강,10,가,93,선셋,13,져,1,자기,,,57,환영,8,배워,80,카톡,11,하구,103,등록,14,했는데,85,것,12,봐요,79,연결,11,우아하게,2,초록,1,감사합니다,100,면역,11,하며,117,무료,20,봅니다,111,핏,14,부탁드려요,56,반석,9,있으니,66,오리지널,9,놀기
15,센터,3,편안하게,15,센터,3,편안하게,56,때,9,받아,92,공간,15,충분한,148,감사,20,즐거운,75,오늘,11,해보세요,55,날씨,10,감사합니다,95,일본,10,먹고,95,우리,17,있을,149,죽전,16,밴,72,핫,9,고마워,84,점,12,원하시는,123,그룹,18,따뜻한,93,수강,14,쥔,237,신청,24,빠르게,169,역북,17,잼나게,136,오전,16,하겠습니다,76,오늘,9,봅시다,70,핸드볼,11,올,102,사요,15,않는,65,길,13,부족한,77,예약,9,마시고,59,중,11,사니,105,발레,20,쉼,96,시간,19,먹고,55,선수,11,위대한,105,휘트니,15,달려,125,산요,17,할수,113,감사,11,하니,14,국제,2,나란히,6,등록,1,건강할,49,내,8,해야,90,오늘,11,큰,3,오케이,1,돌러서,82,룩,12,아닌,37,섭,4,쪄,138,테라,27,따라,97,짐,12,주는,124,특별,17,끄,118,구,21,화려한,60,새벽,11,했지만,74,취미,9,꾸준히,50,바이러스,9,아니라,60,주,10,건강한,77,아트,10,좋아,118,몸,13,미,57,때,14,해주세요,83,내,14,캐니,85,번지,10,어떻게,93,송정,13,클,1,사랑,,,57,플,8,친절하고,77,내,11,하게,101,데일리,14,참,83,후,12,쉽게,79,슬링,11,하겠습니다,2,우산,1,클,98,피티,10,쓰,117,맛집,20,올려,111,배점,13,해야,55,전,9,그립,64,비스타,9,되었는데
14,이벤트,3,보내시고,14,이벤트,3,보내시고,56,주,9,가,92,코어,15,높은,143,진행,20,건강한,75,영상,11,예쁜,54,힐링,10,아니고,95,신청,10,해주신,92,플라잉,16,들어,145,운정,16,해야,72,주차,9,해주는,84,영상,12,하겠습니다,119,기간,18,행복한,92,트,14,예쁜,231,만,24,만나,168,시간표,17,가더,136,개월,16,믿고,76,뮤직,8,완벽한,69,환영,11,보니,102,명상,15,따라,65,유산소,13,잡아,76,연말,9,만들어,58,그림,10,보는,103,중,19,가는,96,코치,19,했는데,53,맛집,11,하는데,104,개인,15,셀기,122,중,17,와,111,맘,11,건강하게,14,교육,2,놀기,6,영상,1,챙깁시다,49,중,8,커,88,관리사,11,참,3,렙,1,망설이다가,78,동요,12,했던,37,물,4,오셔서,137,오늘,26,만나,96,스탓,11,가능한,121,실,16,저렴한,117,일상,21,건강한,60,유산소,11,해야지,73,체력,9,해야,48,식단,8,하시면,60,목동,10,재밌게,76,오후,10,나게,118,장,13,챌,56,생활,14,본,83,친구,14,하면서,82,아웃,10,할만,93,요가,12,들,1,에너지,,,54,무료,8,했던,77,중급,11,두고,99,평내동,14,나를,83,감사,12,시켜,77,쌤,11,하러,2,담당자,1,받아,95,세종,10,아니라,116,일상,19,보면,110,맘,13,마세요,55,팔로우,9,가서,64,트레이닝,9,시켜주셔서
14,다이어터,3,가득하시길,14,다이어터,3,가득하시길,56,평택,9,하자,92,휘트,15,보세요,143,대기,20,빠르게,70,감사,11,큰,53,게,10,아니라,94,스다,10,했던,91,때,16,마세요,141,때,16,되는,70,크루,9,이쁜,84,셀피,12,돌아온,117,오늘,18,넘,92,나,13,싶은,223,소도구,24,인한,165,카카오,17,있고,133,클래스,15,즐거운,76,경주,8,있다,68,상품,10,어렵다,100,진행,15,따른,65,트레이닝,13,높여주고,75,에버,9,넘나,58,촬영,10,미야,103,바디,19,아름다운,95,스노우,17,와,52,우리,11,나도,103,개월,15,반하다,120,번,16,따라,111,어린이,11,있을,14,강서,2,없음,6,번,1,잃고,48,바위,7,재밌게,88,복수,11,보세요,3,것,1,어떡해,78,주문,11,하는데,36,회권,4,즐기며,137,마인드,26,올,96,아파트,11,마세요,120,원인,16,있어서,115,댄스,21,재밌고,59,나이키,11,빠르게,73,천,9,크라,47,전,8,저렴합니다,59,선수,10,합시다,74,트레이닝,10,아닌,117,힐링,13,하시면,56,소통,13,따뜻한,81,요가,13,있어서,82,걸,10,좋아하는,92,핑,12,예쁜,1,특강,,,54,이승기,8,하면서,77,무용,11,옳다,98,삼산,14,즐기기,82,명절,12,하면서,76,착안,11,어떤,2,학생,1,본,94,라티,10,하면서,114,소통,19,싶은,110,방배동,13,알려,55,필수,9,보니,59,나,9,하며
14,선,3,바라겠습니다,14,선,3,바라겠습니다,56,혼,9,합시다,91,근육,15,자세한,140,김해,20,복잡해요,68,가죽,11,몰,51,데일리,10,있을,93,슈얼,10,감사합니다,90,후,16,아닌,141,검단,16,겁니다대,69,신청,9,재밌는,81,감사,12,담아,117,전공,18,이쁜,91,클래스,13,한다,219,베테랑,23,해주세요,164,신용,16,튼,128,시분,15,행복한,76,부평,8,좋고,67,명,10,갖는,97,교육,15,같습니다,65,우리,13,높여,73,스다,9,주는,58,필리핀,10,참,102,선생,19,아름다,92,하우스,16,하면,52,후,11,좋아,101,인천,15,남은,118,맨즈,16,없다,109,강좌,11,좋아하는,14,내,2,일어서서,6,요일,1,하지말자,48,패킹,7,않은,87,교육,11,깨끗한,3,티,1,해야,74,복,11,즐겁게,36,건강,4,빠지,137,회원,26,먼,95,오전,11,아니라,120,상담,16,배워,110,등록,20,하겠습니다,59,기록,11,해주세요,72,정부,9,없습니다,47,나,8,셀기,59,개,10,확실하게,74,그룹,10,하는데,116,체육관,12,가,56,육아,13,행복한,81,아빠,13,춤추는,82,일상,10,보면,87,보유,12,즐거운,1,강사,,,54,감사,7,튼,77,시작,11,따,96,옥동,14,빠른,82,카톡,12,이쁜,74,행복,11,입니,2,밴드,1,좋긴,92,공주시,10,찍고,112,백,19,하러,109,증정,13,예쁜,55,홈,9,쾌적한,59,다이어트,9,해서
14,개,3,와서,14,개,3,와서,55,대회,8,늘리기,90,우리,14,들께,138,명,20,어렵잖아요,67,손,10,그래,51,집,10,와,92,나,10,몰,89,타임,15,어려울,140,명일동,16,하셨습니다,68,아카데미,9,하면서,81,종합,12,입니,116,헬스,18,부탁드려요,91,친구,12,자세한,213,교정,23,걸어주세요,161,지요,16,멋진,123,부산,15,할수,75,카카오톡,8,빼고,66,점,10,벤,95,클래스,15,얼리,64,제품,13,산수소,72,시시시,9,먹었습니다,57,날,10,나를,99,연제구,19,만나요,91,맛집,16,그립다,52,해운대,10,좋아하는,98,사진,15,본,114,테라,16,보는,108,댄스,10,이쁜,14,날,2,가자,5,샷,1,담주까지,48,동래,7,했던,85,치과,10,배우기,3,따리,1,하냐구,74,스타일,11,크,36,카약,4,보세요,137,특강,26,느껴,93,해운대,11,시켜,117,강사,16,가,105,건강,20,안전하게,59,날씨,10,뛰우,71,층,9,멋진,47,오픈,8,대,58,내,10,갈,73,수업,10,즐거운,115,프리미엄,12,하는데,55,스튜디오,13,읽어주는,81,위,13,참,80,나,9,멋지게,85,가족,12,탄,1,서프,,,54,사브르,7,보니,76,이그조틱,10,배워,95,근력,13,신나게,81,오,12,할수,74,감사,11,떠요,2,자수,1,좋구나,89,우지인,10,남기고,110,교육,18,좋다,106,정요,13,하게,54,반사,8,배고파,56,토요일,9,예뻐지고
14,등,3,자세한,14,등,3,자세한,54,번,8,갈,87,짐,14,있답니다,134,남자,20,배워요,67,패드,10,만든,50,마스크,10,나를,90,시간,10,나도,88,홈,15,있으니,139,토요일,16,하고싶다,67,연습,9,어떤것,81,신발,11,좋아하는,115,프로필,17,꾸준히,86,울산,12,쉽게,213,현대,23,하고싶다면,158,지도,16,새롭게,123,해운대,15,먹은,74,연휴,8,큰,66,이벤트,10,하면서,94,일상,14,주는,63,트,13,시키는,71,슈얼,9,들어갑니다수,57,내,10,않은,98,방문,19,드리겠습니다,90,럼,15,만들어주는,51,건강,10,지,97,하루,15,하는게,111,인요,16,있고,105,수영복,10,하는데,14,호텔,2,따,5,기록,1,무섭지,46,만,7,오르고,85,밴드,10,만들어,3,연맹,1,봐도,71,댄스,11,어떤,34,개월,4,챌,135,다이어트,26,가,93,오,11,했던,116,무료,15,탄,105,오늘,20,하시면,58,하루,10,보자,71,개월,9,튼튼한,47,쌤,8,할수,57,그룹,10,새로운,70,공근,10,했는데,115,웨이트,12,느껴,55,콘크리트,13,아름다운,80,행복,12,들의,76,내,9,유일한,83,장비,11,센,1,오오,,,53,저녁,7,하는데,75,입문,10,갇힌,94,쌤,13,반하다,80,맘,11,들이,72,맘,10,아닌,2,기부금,1,나누고,82,내,10,메디,107,인요,18,끝나고,105,코어,12,끝나고,54,미션,8,들께,56,애,8,넘치는
14,후,3,하시면,14,후,3,하시면,53,맛집,8,와,85,리포,14,새로운,133,마을,20,멋있게,67,마크,10,보는,50,백패,9,걷는,88,핫,10,하지,88,시작,15,하시고,136,피티,15,신나게,64,소통,8,춤추고,80,츄,11,이쁜,110,교육,16,즐겁게,86,카카오톡,12,가능하니,207,성인,23,믿고,158,현대,15,건강한,120,개인,15,만나요,74,정부,8,꽉찬,65,볼,9,가서,93,점,14,이어,63,거,13,높여주어,67,홍,9,다양한,56,서프보드,10,아닌,95,효과,19,크,90,여주,15,보자,49,서울,10,아닌,97,때,14,지나고,111,일상,16,않은,104,선,10,챙겨,13,프로그램,2,쉽,5,하루,1,새롭게,46,코스,7,하면서,85,순환,10,행복한,3,앞,1,어지럽네,71,교정,11,될,34,매주,3,넘나,135,가능,25,자이로,91,오늘,11,들이,116,복수,15,하며,104,감사,19,있을,58,페이스,10,마라,71,핏,8,될,47,후,8,들일,56,상담,9,원하시는,70,혜,10,했어요,111,남자,12,꾸준히,55,영상,13,좋,75,연휴,12,있으니,75,시청,9,와,83,것,11,신나게,1,가복,,,53,일요일,7,다양한,74,연휴,10,벗어나,94,바,12,와,80,아메리카,11,받아,72,우리,10,함께한,2,우리,1,받을,80,가능,10,즐겁게,104,대화,18,보니,104,지도자,12,보세요,54,이벤트,8,싸,56,소통,8,까지
13,업,3,해야,13,업,3,해야,53,선,8,될,85,방문,14,대,127,댄스,20,모았습니다,67,사거리,10,좋다,50,선,9,있어,86,탱고,10,했는데,88,스트레칭,15,행복한,136,수강,15,하시면,63,맘보,8,와,80,진행,11,행복한,109,스커트,16,보내셨나요,86,부산,11,좋아,206,시간,22,넘,156,정보,15,하며,120,티칭,15,하면,73,화랑,8,이끌어,65,센터,9,하지,93,시작,14,않게,61,연휴,13,도와줍니다,66,맘보,9,배우고,55,팜,10,좋아,95,위치,19,들을,90,강천,15,큰,48,말,10,버티,97,후,14,했을,110,전용,16,힘든,102,물,10,시켜,13,한국,2,가하,5,접수,1,하였는데요,46,시장,7,재밌는,84,학원,10,즐겁게,3,잠실,1,열렸던,70,짐,11,시르사,34,가드,3,강한,134,자신,25,된다,91,마린,10,찐,115,시간,15,예쁜,103,충주,19,즐길,56,주,10,된다,68,매드,8,아니라,46,포,8,없었나요,56,줄,9,원하는,70,갤러리,10,귀여운,111,관리,12,아니라,55,감사,13,어떤,75,성장,12,좋,75,우먼,9,재미있어요,83,호,11,함께한,1,아운,,,52,체험,7,할수있다,74,기술,10,펼쳐집니다,93,카페,12,예쁜,79,교육,11,하시면,71,관리,10,뻗어,2,후,1,있었던,80,일상,10,해야,103,주엽,18,정확하게,102,인천,12,하며,53,만,8,까요,55,예매,8,놓치지
13,사진,3,겁나,13,사진,3,겁나,53,무술,8,배우는,85,식단,14,챌,124,강사,20,찝어서,67,소하동,10,가는,48,남자,9,보이는,83,프로,10,따라,88,줌,15,마시고,133,수원,14,마세요,63,것,8,아님,79,세교,11,뜨,107,시작,16,되세요,84,챌린지,11,있다는,202,선생,22,따랑,155,자격,15,탁월한,118,저녁,14,없어,71,프로그램,8,날리자,65,발송,9,나도,91,소통,14,올,61,생각,12,도르,66,오늘,9,보는,55,다이빙,10,고마워,95,층,19,오셔서,89,나,15,타는,48,제작,10,즐거운,97,공연,14,가는,109,감사,15,보세요,102,세미나,10,같아요,13,지점,2,타면,5,아쿠,1,돼요,45,자연,7,붙어,84,간호,10,보니,3,연결,1,끝난,67,스트레칭,11,만들어,33,레저,3,하니,134,때,25,얼리,91,시티,10,시원하게,111,사람,15,만들어,101,내,19,만나요,56,생각,10,큰,67,오,8,찾으,46,근력,8,될,55,네이버,9,하자,70,키,10,멋진,111,회원,12,만들어,54,거,12,배우고,75,주말,12,놀자,73,스튜디오,9,참,82,무료,11,좋다,1,동추,,,52,엘리트,7,하게,72,초보,10,접수시,92,디크,12,훌륭한,79,수련,11,드세요,71,개인,10,가,2,내역,1,끝나고,79,중,9,했는데,100,킨텍스,18,따른,99,니스,12,있다,52,선수,8,좋습니다,54,내용,8,즐기는
13,닭,2,단순히,13,닭,2,단순히,52,사람,8,보는,83,근력,13,즐겁게,119,우리,20,풀어,65,홍대,10,신나게,48,봉,9,즐거운,80,댄서,10,소소한,88,피티,14,쉽게,133,방학,14,즐기다,63,홍,8,드려요,79,숲,11,낸,106,오픈,15,탄,84,파주,11,넘,197,정읍,22,아닌,155,이벤트,14,받은,117,예약,14,들어서,70,안강,8,입고,63,만,9,받고,89,삶,14,있답니다,61,번,12,뛰,66,크루,9,해주는,54,여자,10,좋아하는,95,스트레칭,18,드리고,89,대리점,15,간절히,47,집,10,왔다,96,위,14,건강하게,109,호흡,15,했던,101,필라테스,10,있어서,13,여자,2,탈수록,5,개강,1,만나,45,집,7,해주세요,84,간호조무사,10,하며,3,게,1,사로잡았던,67,핏,11,가능한,32,핏,3,비워내고,133,사람,24,하면서,89,클래식,10,하게,107,레벨,13,되는,100,시작,18,좋아요,55,지구,10,는,67,지도,8,신다면,46,레슨,8,마시고,55,거,9,지루하지,69,감사,9,뭉친,108,개인,12,꾸준함이답이다,54,아메리칸,12,하셔서,74,놀이터,12,미,73,근력,9,하다,82,워터,11,하시고,1,실내,,,52,신성록,7,자이로,71,발레,10,부탁드려요,88,딥,12,싶으,79,야사,11,맛있는,70,주말,10,하게,2,리포,1,하고나면,79,문의,9,들의,99,때,17,가,97,행복,11,않은,52,광주,8,건강하고,54,가든,8,벌운
13,나,2,아는,13,나,2,아는,50,학생,8,크라,83,교육,13,않는,119,오늘,20,예쁜,63,사랑,10,해주신,47,한라산,9,힘들어,75,중급,10,하다,85,나,14,있겠죠,133,우리,14,맞는,60,번,8,보는,79,예약,11,와,104,우리,15,원하는,84,중,11,가,193,무짜,22,신나는,154,기간,14,입니다지,117,순천,14,부탁드려용,69,개인,8,하지,62,번,9,입고,87,홈,14,해보세요,60,공급,12,하러,64,연습,9,짠,54,감사,10,누르,95,임산부,18,되겠죠,88,샵,15,홍대합,47,강습,10,배워,94,내,14,찾는,108,거,15,입고,99,시작,10,남은,13,씨,2,합시다,5,양천,1,뵈었을,45,가능,7,어떻게,84,코디네이터,10,쉽게,3,부족,1,대단하시는,66,동안,11,해주는,32,스포츠,3,함께한,133,리,24,움직이는,87,지도자,10,있고,107,생활,13,행복한,99,상모,18,나가는,54,내,10,아닌,66,번,8,입히지,46,바진,7,들을,55,때,9,했어요,69,번,9,있으며,108,번,12,재미있는,54,행복,12,춤추는,72,겨울,12,갈만,73,타임,9,따라,81,스포츠,11,올,1,수영,,,52,이상윤,7,갈,69,눈,10,찍어,87,불당동,12,도와주는,78,마음,11,들의,69,웰,9,는,2,홈,1,깨운하다우리,79,김해,9,둔,98,회원,17,되세요,96,거,11,남다른,51,업,8,참,53,번,8,즐거운
13,기록,2,온다,13,기록,2,온다,50,친구,7,따라,82,등,13,다노,119,건강,19,신나는,63,제품,10,는,46,라산,9,보는,75,아카데미,10,되면,85,어깨,14,꼼꼼한,132,미트,14,아니라,60,주,8,해야,78,자세,10,소중한,104,데일리,15,하러,83,지코,11,잼있는,191,기계,22,가,154,클릭,14,보내고,114,오후,14,간지나게,69,맘,8,즐거운,60,맛집,9,해보는,86,새해,14,보내세요,60,물,12,는,64,연휴,8,가,54,비치,10,싸,94,남자,18,하지,87,사랑,15,올어,47,김태연,10,새로운,93,식단,14,좋아하는,105,진행,15,있다는,97,주소,10,갔다가,13,메르,2,해주세요,5,국제,1,진솔한,45,제주,7,입고,83,무료,10,신나게,3,결심,1,고맙습니다,66,상담,11,보면,32,주세요,3,원하시는,131,시바,24,있고,85,필라,10,나도,100,내,13,좋다,98,준비,18,되는,54,원주,10,뛰어야,65,대전,8,큰,45,우리,7,쉽게,55,웨이트,9,하셨습니다,68,바디,9,하구,107,것,11,맞는,54,부부,12,는,72,동탄,12,가는,73,코리아,9,했던,80,국제,11,까사,1,장추,,,52,양세형,7,나오는,69,플라잉,10,멋진,86,댄스,12,곧아,76,광주,11,높은,69,이해,9,좋고,2,측정,1,싶은거,78,교육,9,보면,97,연휴,17,시켜,95,과정,11,따라,51,다이어터,8,갈,50,숲,8,좋아요
13,세트,2,입고,13,세트,2,입고,50,지구,7,키우기,79,저희,13,받고,118,프리스타일,19,써,62,빅,10,미텐,46,너,9,클라,74,왈츠,10,다양한,85,거,14,되어있습니다,129,어린이,14,하겠습니다,60,차,7,마세요,77,스커트,10,하게,102,종강,14,하게,80,전화,11,나를,190,워크,21,가능하구요,154,한강,14,있으며,113,오늘,14,춤추고,67,피트,8,해야,59,댓글,9,하였지만,86,건강,14,부드럽게,59,등,12,행복한,63,아카데미,8,잊지,52,스쿨,9,좋,94,해운대,18,건강하고,87,취미,14,타고싶다,47,아쿠아,10,따,92,등,14,넣어,105,임산,15,있지만,97,여행,10,신나는,13,니스,2,만나,5,요가,1,맞추어,43,블럭,7,나도,81,그룹,10,가서,3,태,1,힘들었던,66,구찌,11,원하는,31,위,3,할께요,129,구요,23,했던,85,브랜드,10,빠르게,99,핏,13,새로운,97,공식,17,한다,53,사진,10,좋아,63,시간,8,는,45,기구,7,깨끗한,55,것,9,채워지는,68,근,9,아름다운,106,증진,11,오셔서,53,새해,12,따,71,짐,11,고마워,72,곤지암,9,하지,79,사람,11,했던,1,간접,,,52,육성재,7,하다,68,맛집,9,다양한,85,감사,12,틀러,76,나,11,맞춰,68,수원,9,주는,2,구로,,,78,머신,9,따라,97,임산,17,가는,95,몸,11,꾸준히,51,패션,8,나를,50,참여,7,없이도
13,플레이,2,보자,13,플레이,2,보자,50,송림,7,하며,78,플라잉,13,했는데,118,상담,19,는,62,번,10,두구,45,친구,9,이었다,70,모집,10,와,82,임산부,14,빌,128,선산,13,한,60,설,7,마시고,76,작품,10,있고,102,폴,14,보다,80,스쿨,10,힘든,189,맛집,21,할수,153,메시지,14,하시고,112,피닝,14,볼까,65,나,8,먹고,59,스톰,9,보여,85,듀엣,14,해보고,58,픽시,11,도르리,63,차,8,많은것을,51,숏,9,보며,93,시작,18,빈야사,86,경기도,14,하게,47,대구,9,센,90,최고,14,좋아,104,부요,15,행복한,96,신사,10,없다,13,헬스,2,시원한,4,동네,1,들었어요,43,서울,7,추운,81,라인,9,없음,3,맥주,1,같아요,65,관리,11,입고,30,주말,3,좋다,129,새해,23,않은,84,선수,10,높이는,97,회원,13,큰,96,거,17,않습니다,52,시작,10,좋고,62,아카데미,8,원하시는,45,프로필,7,들이,54,머슬,9,넓고,66,압구정,9,하지,106,선수,11,먹은,53,세계,11,배울,71,태권,11,뛰어라,68,천점,9,미,76,카이트서핑,10,하면,1,경험,,,52,주말,6,배우고,68,진행,9,않은,85,오,12,해야지,76,체형,11,있답니다,68,제프,9,입고,2,추천,,,76,경기도,9,갈,97,부요,16,보는,93,나,11,받고,51,카페,8,하다가,50,츄,7,모르게
13,무료,2,하지,13,무료,2,하지,49,수업,7,귀여워,75,준비,13,좋,116,가치,18,가,61,아들,9,있다,43,줄,9,나와,68,맛집,10,모르,82,쌤,14,는,122,트레이닝,13,들의,57,시작,7,주는,75,체형,10,싶으신,101,발레리나,14,가,79,채널,10,는,188,샵,20,보실수,153,네이버,13,입니,111,근력,14,나갔다,65,소통,8,먼,58,신상,9,드리지,85,주차,14,되세요,58,날,11,좋아하는,63,신청,8,해주신,51,포항,9,따뜻한,93,등록,18,하면서,85,줄,14,따,47,레슨,9,크,89,천안,13,들의,103,연휴,15,있어,96,소,10,는,13,바,2,놀러,4,우리,1,즐기는,42,캣,7,만들어,80,사체,9,마시고,3,술,1,였어요,65,홈,11,알려,30,아래,3,탄탄한,128,피,23,큰,83,청,10,해주신,96,일상,13,따라,95,임은동,17,와,51,동아,10,갈,62,광주,8,하게,45,경기,7,있어,53,기적,8,먹,66,코스,9,힘들어,105,점,11,보면,52,오,11,추고,70,너,11,하며,68,피닝,8,싶은,75,조정,10,넘나,1,해변,,,51,데일리,6,따뜻한,68,마감,9,드려,84,반,12,궁금하다면,76,바,11,쾌적한,68,정렬,9,쉬는,1,시작,,,75,싱크,9,없음,97,주요,16,보세요,92,빈,11,어떻게,51,개인,8,넘,49,춤,7,마세요
13,상담,2,길게,13,상담,2,길게,48,추억,7,보니,75,체어,13,입니다오,114,기구,18,한,61,때,9,원하시는,43,후,8,올라갔다,68,것,10,즐거웠던,80,샵,13,건강하게,118,진행,13,알기에,56,콜,7,까,74,아이,10,했어요,97,자기,14,꾸준함이답,79,가능,10,크,184,취득,20,와가,153,용,13,싶은데,111,구미,14,돌아오,63,샌드백,7,하면서,57,파라오,9,생생하고,83,우리,13,단순한,58,가민,11,끌어,62,베이직,8,될,50,때,9,아름다운,93,때,17,아프면,83,오토바이,14,팝니다,47,속눈썹,9,있으니,89,끝,13,하면서,101,점,15,예쁜,94,재활,10,시키고,12,오픈,2,더나은,4,몸,1,활기찬,41,등반,7,할수있다,78,준비,9,신나는,3,속,1,새로운거,65,센터,10,입니,30,트레이닝,3,미,127,회기,23,하겠습니다,82,나,10,보니,95,오,12,하게,94,진행,17,싶으,50,설,10,즐겁게,61,초등,8,챌,44,코로나,7,하면서,53,광주,8,않은,66,기능,9,없다,105,점핑,11,하시고,51,아카데미,11,가서,70,회원,11,뛰는,68,회원,8,풀어라,75,유일,10,재밌다,1,클럽,,,51,방송,6,미,66,몸매,9,섹시해지는,83,시작,12,하러,75,동안,11,보내고,65,연희동,9,가능한,1,뒤,,,75,공간,8,되세요,96,진행,16,와라,91,배,11,강력한,50,시작,8,맛있는,49,라이브,7,하면서
13,트,2,푸,13,트,2,푸,48,집중력,7,하는데,74,캐딜락,13,가능한,113,대표,17,되다,61,맛집,9,될,42,우리,8,새로운,67,시작,10,싶은,80,만,13,길게,115,개인,13,않은,54,미군,7,배우고,74,무료,10,가,97,셀피,14,보내시고,78,셀카,10,들이,184,전국,19,드려요,153,검색,13,신나는,108,맘,14,재밌게,63,선,7,이겨,56,점수,9,드린다고,83,거,13,는,56,시작,11,따,62,금요일,8,추고,48,가능,9,길우,92,짐,17,하며,79,대표,14,타기,46,딸,9,없다,88,무료,13,가능한,101,카페,15,챙김,94,부산,10,와서,12,강습,2,지나더,4,최고,1,챙기세요,40,투어,7,큰,77,시간,9,오셔서,3,스트레칭,1,배울수있어서,64,회원,10,꼼꼼하게,29,쿠폰,3,올,127,커버링,22,하다,82,발레,10,참,94,감성,12,넘나,94,관절,17,좋지,49,사이클,10,하며,61,반,8,보실,43,애니,7,꾸,52,수성구,8,끝나고,66,내,9,받고,104,영상,11,찍어,50,연습,11,나를,70,명지,11,와서,67,우리,8,놓치지,74,사진,10,좋,1,전기,,,51,비투비,6,하네요,66,무료,9,분이내,83,남자,12,나도,75,사우동,10,어떤,65,기초,9,넘나,1,모습,,,75,맛집,8,즐거웠던,95,점,16,보다,91,수련,11,들의,50,오,8,마시고,49,톡,7,입은
13,마인드,2,솔직히,13,마인드,2,솔직히,48,소통,7,가는길,74,이용,13,하겠습니다,110,가현,17,되기까지,60,출시,9,하다가,41,하늘,8,행복한,67,베이직,10,정확한,80,짐,13,하셔서,115,마블,13,하게,54,부대,7,갑니다,72,몸,10,긴,96,키즈,14,미,75,후,10,춤춤,184,점프,18,넘게,153,신용산,13,드리겠습니다,104,오픈,14,받은,61,끝,7,가볍게,56,여행,9,들과의,82,카톡,13,만들어,56,끝,11,될,61,토요일,8,만든,48,실내,9,나도,91,명절,17,드려요,79,롬,14,넘,45,눈,8,할게요,88,대회,13,깨끗하고,100,샵,15,들은,89,후,9,하다,12,후,2,해야,4,라이더,1,그램이것이,40,크루,7,쉬운,77,개인,9,하셔,3,사람,1,아프지,64,루이비통,10,필요하신,29,윈드서,3,즐겨,126,자세,22,봅니다,82,인증,10,따라,92,청주,12,즐겁게,92,칼로리,17,지루하고,49,피닝,9,그럼,61,크로스,8,가벼운,42,플라잉,7,해주세요,52,극,8,하다가,63,오전,8,메디,103,무인,10,있,49,룸바,11,있으며,68,대회,11,하는데,67,석산,8,마세요,73,드,10,찾아,1,아침,,,51,것,6,올,64,후프,9,안전한,83,구래동,12,벌기구,74,내,10,노은,65,때,9,갑니다,1,게,,,74,오늘,8,풀어라,95,힐링,16,마세요,90,할인,11,올,48,셀피,8,써,48,코리아,7,다가온
12,최대,2,좋음,12,최대,2,좋음,47,가족,7,하였습니다,72,소독,13,있어,110,강의,17,알려주는,59,꽃집,9,먹고,41,감성,8,하는데,67,영상,9,춤신,79,관리,13,않습니다,114,프로그램,13,살빼는,54,오픈,7,놀러,72,수강,10,않은,93,초등,14,어떻게,73,살롱,10,하려고,184,저녁,18,맞춘,153,필라티,13,어렵지,104,바인,14,싸,61,포항,7,지루한,55,리스,9,할수있는,80,정부,13,들어,56,완주,11,멋진,60,수요일,8,오셔서,48,비키니,9,보니,91,어깨,16,움직이게끔,79,슈트,13,마니,45,육아,8,있,85,등록,13,나도,99,클래스,15,해야지,89,장,9,나를,12,하이드,2,하는데,4,오픈,1,타는게,40,알레,7,갈,77,유아,9,야합니다,3,먹방,1,차여전히,63,하루,10,아니라,29,핑장,3,봅시다,126,동대문,22,연결하는,80,클래스,10,받고,90,카톡,12,재밌게,90,맛집,17,받는,48,가능,9,편하게,58,나,8,튼,42,웨이트,7,만들어,52,갑부,8,받아,62,노,8,파는,101,스텝,10,해보세요,48,강습,11,큰,67,파크,11,귀여워,66,감사,8,해주신,73,친절,10,만족한,1,아쿠아로,,,51,훈련,6,하였습니다,63,등록,9,입어요,82,건강,11,본,73,오창,10,같아요,65,죽전,9,같아요,1,서울,,,74,광,8,빼고,95,곡요,16,있어,90,타요,10,행복하게,48,모델,7,끝나고,47,주말,7,배우는
12,카드,2,는,12,카드,2,는,46,반사,7,없음,71,끝,13,소중한,109,중,16,따라,59,각인,9,착한,40,만,8,올라,66,차차차,9,즐겨라,79,오픈,13,즐겁게,113,전,13,재미없다구,53,음악,7,썬,72,체험,10,펼쳐집니다,91,카카오톡,13,안전한,72,월차,10,받은,180,수성구,18,만나요,153,서울특별시,13,인한,100,주회,14,들과,59,바디,7,그램운,55,지공,9,가되,78,후,13,보니,55,프로,10,즐거운,60,음악,8,들어,47,사람,9,멋진,90,일상,16,드리는게,78,티,12,여기는,44,풀,8,까,84,우리,13,그램운,98,곡요,15,좋다,88,포,9,해야지,12,건강,2,되었어요,4,한국,1,어떤,39,초보,7,가자,76,반,9,나도,3,곰,1,올라가는건,63,힐링,10,있어,29,관련,3,도망갔었음,126,플라잉,22,바른,80,예약,10,꾸준히,90,코레,11,미,90,번,16,느끼실,47,크루,9,되는,58,선,7,미,41,사진,7,해야,50,쿼트,8,살빼기,60,클래스,8,하네요,100,김,10,진해운,48,학습,11,놀러,67,번,10,같아,65,여성,8,재밌는,73,예약,10,담게하,1,빅,,,51,태권,6,가,62,폴린,9,알려,81,우리,11,마세요,72,몸매,10,알려,64,동요,9,있,1,강남,,,74,주요,8,어느덧,94,중,16,는,87,복,10,하는데,48,상담,7,않게,47,이벤트,7,써
12,결제,2,좋고,12,결제,2,좋고,46,대검,7,특별한,71,지도자,13,하다,106,에듀,16,하시고,57,플라워,9,아닌,38,북한산,8,보자,66,매주,9,센데이,78,이용,13,나를,111,학교,13,준다,52,새해,7,싶은,71,건강,10,어떤,91,근육,13,큰,72,커뮤니티,10,하러가,178,오전,18,입니,153,새창,13,재밌게,99,얼,14,가,59,반,7,둘다,55,게,9,겠습니다,78,우요,13,좋다,53,웨이트,10,하는데,59,소통,8,달려,47,프로,9,했어요,89,앞,16,배운다면,77,스키장,12,하구,43,스포츠,8,했어요,84,타임,12,될,98,대화,14,즐겁게,88,임산부,9,큰,12,강좌,2,필요한,4,발산,1,건지,39,아들,6,쓰,75,거,9,푸,3,새우,1,무섭지만,63,제품,10,보내,28,시즌,3,타는데,124,생각,21,보면,79,프로그램,10,해보고,89,걸스,11,보실,87,사랑,16,충분히,47,트랙,9,끝나고,58,시분,7,되겠습니다,41,저녁,7,보내셨나요,50,영상,8,보니,60,공예,8,빛나는,99,나,10,서,48,친구,11,했는데,67,댄스,10,신난,65,전용,8,했는데,73,스노우,10,작지,1,유익,,,49,육아,6,챌,61,전주,9,와,81,초보,11,예쁜이,71,근력,10,보내세요,63,시작,9,필요한,1,천호,,,74,중앙,8,드린다는,94,테라,15,갑니다,85,자세,10,보니,48,손,7,궁금하시다면,47,시카고,7,하자
12,가슴,2,쓰가,12,가슴,2,쓰가,46,연습,7,나도,71,나,12,다르,105,팀,15,즐겁게,56,상가,9,들고,37,이번,8,없다,65,연습,9,추는,77,감사,13,같아요,109,국가,13,나오기만,52,여기,7,좋아,68,프로필,9,한다,89,번,13,정확한,69,주,10,집전주,175,개월,18,까,153,서울시,12,있으니,99,바디,14,만나,57,노원,7,먹,55,사진,9,미흡한,77,때,13,끝나고,53,미네랄,10,꾸준히,59,주,8,배우는,45,가족,9,는,87,근력,16,있어야,77,팀,12,멋진,43,줄,8,대,83,영상,12,아니라,98,생각,14,올,87,인,9,즐기는,11,진행,2,자유롭게,4,아패,1,궁금하셨죠,39,회원,6,아님,75,중,9,맛있는,3,킹크,1,생김,62,레슨,10,건강하게,28,다이렉트,3,좋음,124,클래스,21,보니,79,중,9,작은,89,몸치,11,될,87,키,16,않는,47,명절,9,않아,57,가능,7,지킬,39,라이프,7,했던,50,촬영,8,건강하고,59,마드,8,하얗게,98,시작,10,들께,47,모던,11,어떻게,65,영어,10,하게,65,엄마,8,신난다,73,핑투,9,미,1,장열,,,49,코치,6,만나,61,종목,9,좋아,79,해먹,11,타고난,71,전화,10,있을,63,날,9,해주셔서,1,강동,,,74,대림,8,놓치지,92,거,15,자세한,85,새해,10,했어요,48,하체,7,몰,46,홈,7,매데
12,레슨,2,생겼다,12,레슨,2,생겼다,45,서울,7,찍어,71,최고,12,아닌,105,주요,14,해주신,54,주문,9,한,37,패션,8,하다,65,강사,9,배우는,77,마음,13,들을,108,천,13,잘빠진다,52,달,7,와주세요,68,클래스,9,끝나고,88,기구,13,있고,69,데일리,10,쎄오,172,코어,18,드립니다지,153,하이엘,12,싶은,98,시작,14,좋테,56,코치,7,인해,54,줄,9,해가면서,77,움직임,13,먼,52,건강,10,들어,58,시작,8,드려요,45,영화,9,멜,87,준비,16,내고,76,스킨,12,만들어,43,게,8,미치다,82,번,12,있고,97,킨텍스,14,충분한,87,환영,9,가볼만,11,번,2,되,4,도전,1,왔어,38,린,6,아파,74,샵,9,이쁜,3,랩,1,땡겨서,62,오,10,해보세요,28,번호,3,했으,122,사랑,21,갈,78,일산,9,해야,88,모임,11,그래,85,최고,16,아닌,46,여행,9,하게,57,체육,7,있습니까,38,휘트니,7,쾌적한,49,오픈,8,먹고,59,육아,8,입니다자,98,예정,10,드릴께요,46,오늘,10,밟고,65,층,10,신나,64,프로그램,8,넘치는,73,추천,9,보면,1,리허설,,,49,레,6,보다,60,초급,9,원하시는,77,레슨,11,태어나며,69,데일리,10,하시고,63,건강,9,건강하게,1,역점,,,72,짐,8,즐기자,92,카페,15,유연하게,84,프로필,10,들을,48,내,7,드리겠습니다,46,호텔,6,참
12,몸,2,나간다,12,몸,2,나간다,45,새해,7,받았습니다,70,피티,12,아름다운,105,나,14,늘어난,54,가방,8,나도,37,셀피,8,쉬운,64,음악,9,있으니,77,클래식,13,드릴께요,107,선,13,그만하고,52,한곡,7,추는,67,뮤지컬,9,보여,87,개강,13,보이는,68,팀,9,입니,169,범어동,18,하면,151,사은품,12,있,98,잠실,13,현명한,56,시작,7,뛰어,54,덤,9,유익한,77,오후,13,참,51,검색,10,였다,57,하바나,8,추는,44,제작,9,넘,86,거,16,는,76,싱,12,맞아,42,하루,8,끌어내세요,80,이벤트,12,들이,97,주엽,14,해보세요,86,문의,9,있지만,11,집중,2,가볼만,4,것,1,녹슬지,38,붐,6,팜,74,삼,9,멋진,3,박살,1,앉고싶당,61,자세,10,같아요,28,컴퍼니,3,나눠주셔서,121,삶,21,해서,77,가능,9,배우고,87,것,11,했지만,84,개월,16,나를,46,단식,9,먹은,55,구주,7,하셨습니다,38,상담,7,입니다오,49,데일리,8,튼,59,맘,8,꾸준히,97,체육,10,큰,46,하나,10,엄청난,65,스포츠,10,들을,63,줄,7,셀기,72,자격증,9,즐기자,1,개,,,49,방학,6,하던,59,등,9,만들어,77,개인,11,깊게,68,반,10,할게요,61,아트,9,이쁜,1,뮬,,,70,파티,8,먹는,90,번,15,움직이는,84,개월,10,될,47,근육,7,했어요,46,벤트,6,해야
12,내,2,기대하시라,12,내,2,기대하시라,45,당진,7,잇,70,내,12,놓치지,105,가능,14,바른,54,시그,8,맞춰,36,명산,8,셀기,62,설,9,그럼,76,전화,13,느껴,106,등록,13,멋진,51,완성,7,가는,66,나,9,건강하고,86,몸매,13,되지,67,예고,9,만들어,160,중,18,없었다,146,레벨,12,들의,97,연락,13,먹고,55,것,7,할수,54,예정,9,될수있도록,76,신청,12,한다고,50,날씨,9,싶은,57,이태원,8,가는,43,친구,9,될,84,전,16,보세요,76,힐링,11,해야,42,날,8,없어서,76,날,12,드리는,97,워크,14,가고,86,트레이닝,9,있거나,11,우리,2,즐기면서,4,촬영,1,않는,38,포토,6,보니,73,홈,9,되,3,하루,1,배고파,61,기구,10,마세요,28,미스트랄,3,하다,121,방법,21,소중한,76,폴,9,했어요,86,클래스,10,들어,84,데일리,16,싶은,46,모닝,9,뛰게,55,그레이시,7,본,38,복,7,댄마,49,짓,8,될,58,라인,8,큰,97,정의,10,오테,46,금요일,10,커,63,진행,10,먹,62,스웨이트,7,행복한,71,남자,9,따뜻한,1,봉박,,,48,올림픽,6,가능한,59,메이폴,9,뜨끈한,77,휘트,11,아무런,68,장,10,가합,61,중,9,좋다,1,어운,,,70,선생,8,신난다,89,전용,15,만들어,83,가원,10,했던,47,부산,7,시켜,46,댓글,6,있다는
12,핏,2,들어와야,12,핏,2,들어와야,45,인검,7,봅니다,69,감사,12,입니,103,근력,14,만나,53,트,8,좋고,36,상고대,8,다양한,61,금요일,9,궁금하신,75,장,13,편하게,105,겨울,13,역다어,50,거,7,되면,66,레오타드,9,먹고,85,강사,13,받아,67,개인,9,찍어,160,대봉동,17,어렵지,142,목동,12,뵐,96,경력,13,신나게,55,취미,7,줍,53,모임,9,웃으면서,75,생각,12,입니당,50,셋,9,쏘,56,친구,8,할수,43,골프,8,맛있는,84,감사,16,들이,76,배송,11,참,42,사진,8,하며,75,셀카,12,합시다,96,석,14,새로운,86,생활,9,꾸,11,딩,2,바쁘다,4,방송,1,되,38,그래퍼,6,받으세요,73,것,9,들의,2,일본,1,느끼고,61,등,10,와,27,겨울,3,느낄,121,이,20,아니라,76,새해,9,건강하게,83,부산,10,즐거운,84,겨울,16,신나고,46,게,9,새로운,54,소통,7,않도록,38,내,6,쓰,49,케틀,8,만나기,58,펫,8,필요한,97,회관,10,빼고,45,다이어트,10,만들어,63,점,10,신남,61,오전,7,좋다,71,회원,9,챌,1,코어,,,48,부탁,6,힘든,59,협회,9,아닌,77,퍼퓸,11,갖지,67,새해,10,하시는게,61,기구,9,했는데,1,동운,,,69,회원,8,하구,89,시타,15,같아요,83,데일리,10,멋진,45,바이러스,7,하는데,46,바디,6,따라
12,근력,2,되지만,12,근력,2,되지만,45,실업,7,검도수련,68,핏,12,하셔서,101,트레이너,14,될,52,채널,8,나를,35,가능,8,있었다,60,왕,9,예쁜,74,발레,13,하겠습니다,105,촌동,13,합시다,50,사랑,7,춤추기,65,관리,9,했더니,85,라인,12,만든,67,모임,9,하며,158,레벨,17,보셨나요,142,스킬,12,뛰자,94,끝,13,하면서,55,글러브,6,가서,52,브래그,9,달려가겠습니다,73,타워,12,감사한,50,사이클링,9,했는데,55,속,8,되면,43,주,8,되,84,지도자,16,나누는,75,디,11,새로운,42,유아,8,힘들다,74,상담,12,되며,96,산체,13,보내시고,86,반,9,대,11,토요일,2,나도,4,알맹이,1,했는데요,38,곳,6,가,73,피트,9,편하게,2,팀,1,해야지,60,장,10,즐거운,27,대회,3,가더,119,직장,20,했어요,75,모던,9,보내시고,82,감사,10,있었던,84,워크,16,쉽고,45,미국,9,어떻게,54,소독,7,하며,37,그룹,6,하셔야죠,48,식단,8,힘들다,58,등,8,귀여워,96,거,10,힘들다,45,선물,10,있던,62,듀,10,신나고,61,포인트,7,까,69,곳,9,만나,1,밸런스,,,47,초등,6,함께한,58,감사,9,높은,76,거,11,않는다,66,소마,10,돼요,61,주제,9,아니라,1,체어,,,66,번,8,있다,89,여자,15,가하는,83,휘트,10,늦은,45,센터,7,챙겨,44,호머,6,끝나고
12,체형,2,고마워용,12,체형,2,고마워용,44,반,7,쓰고,68,소도구,12,둔,100,클래스,13,기대하셔도,51,낙원,8,편안한,35,전,8,갬,60,행복,9,아시나요,74,연휴,12,오는,104,프로,13,해주세요,49,블랙,6,본,64,강사,9,미,85,피티,12,보니,67,소통,9,입고,158,힐링,17,새롭게,140,핏,12,어렵거나,94,데이,13,받고,54,땀,6,마시고,51,것,9,아파,73,장,12,입니,50,후,9,젊은,55,플레이스,8,고마워,43,딩,8,소중한,83,마음,16,쉽게,74,백선엽,11,입고,42,강사,8,꾸,74,유산소,12,신나는,96,페스타,13,얼리,86,골프,9,해주신,11,파라다이스,2,터지는,4,관절,1,있으신,37,겨울,6,대더,72,지도자,9,넘나,2,언,1,모르는,58,피닝,10,있을,27,정진영,3,있었다,119,서창,20,얼라이,75,여자,9,느껴,82,과정,10,하지,83,생각,15,유명한,45,헬린,9,가고,53,무료,7,하면서,37,이벤트,6,있다,48,등,8,입으면,57,전,8,하겠습니다,96,레슨,10,좋아,44,공부,10,봐,62,날,10,타는,60,선생,7,하면,69,카버,9,즐겁게,1,이것,,,47,국제,6,해야,57,기록,9,바라는,76,처인구,11,자유롭게,65,게,10,소소한,60,조화,9,해보세요,1,스프링보드,,,66,것,8,빠져,89,후,14,만나요,83,벤트,10,시원하게,45,끝,7,아니라,44,드,6,반하게
12,안산,2,넘,12,안산,2,넘,44,검단,6,부는,67,친구,12,가르치는,99,몸,13,좋습니다,50,수업,8,보실,35,바이러스,8,내린,59,이번,9,출수있으며,74,맛집,12,입니다오,104,여성,12,하시고,49,센,6,있죠,64,최고,9,될,84,광주,12,올바른,66,엔터,9,끝나고,156,김,17,찾아,138,동요,12,하기가,93,마감,13,하시고,54,카톡,6,놀러,51,때,9,한,73,동작,12,원하시면,50,도움,9,나를,54,미군,8,아니라,43,입문,8,했던,82,자격증,15,보내셨나요,73,타투,11,해주세요,42,예매,8,좋다,73,운영,12,먹는,96,벨라,13,끝나고,85,친구,9,멋진,11,서울,2,좋아,4,관절염,1,있다고,37,우리,6,어떤,71,협회,9,할수,2,끝,1,했고,57,무인,10,한다,27,중,3,입고,119,주차,20,작은,74,잉고,9,보면,82,신촌,10,하면서,83,무릎,15,치뤄지는,44,설날,9,나를,53,원주,7,좋다,36,손,6,부라주,47,카페,8,어떤,57,워커힐,8,놓치지,96,무산소,10,가서,44,파닉스,10,할수,60,저희,10,놀아,59,주말,7,젊,69,팔,9,만들어,1,리더스,,,47,그룹,5,많으셨습니다,57,이벤트,8,있다,75,이벤트,11,가도록,65,핏,10,좋아,59,근처,9,들어,1,선팔,,,64,시작,8,봅시다,88,석,14,편안하게,81,오픈,10,하시고,45,쿼트,7,쓰고,43,페스티벌,6,예쁜
11,선생,2,있어,11,선생,2,있어,43,팀,6,했지만,66,카톡,11,만들고,99,유산소,13,많아진,49,하나,8,해주셔서,35,골프,8,넘,59,수강,9,떨어졌다,73,주세요,12,줍니다,103,멀티,12,가볍게,49,콩,6,잊지,63,에르메스,9,입으실,84,죽동,12,했는데,66,테,9,되니,154,교,16,듣는,136,샵,12,힘드신가요,92,줌,13,해보세요,54,번,6,알기에,51,단체복,8,해보세요,72,전화,12,넘,49,클래스,9,추운,54,부대,8,살세라,42,추천,8,싶은데,81,동요,15,가,72,소통,10,보는,42,수업,7,는,72,전,12,높은,96,시타,13,썬,84,지역,9,할수,11,줌,2,만나다,4,초점,1,내려가서,37,킹,6,좋다,71,이벤트,9,쾌적한,2,실크,1,그립다,56,테라,9,하다,27,몸,3,넘,116,경희대,20,부드럽고,74,짐코리,9,들어오셔서,81,주세요,10,받으세요,83,남자,15,뛰기만,44,린이,9,뛰면,53,오픈,7,죽전,36,천안,6,해주시길,46,전,8,싫어,56,진행,8,마세요,96,준비,10,있다,44,유아,10,이었다,60,서귀포시,10,되,59,양산,7,하는지,69,부츠,9,서,1,협회,,,47,아들,5,탄,57,만,8,참,75,평택,11,만질,65,쌤,10,없음,57,신논현역,8,대,1,팔로우,,,64,코리아,8,드릴께요,88,산체,14,만나,81,대학교,10,큰,44,감사,7,하였습니다,43,당신,6,쉬는
11,런닝,2,바꾸고자,11,런닝,2,바꾸고자,43,스포츠,6,했어요,66,오전,11,봐요,97,사랑,13,드리겠습니다,49,퍼커션,8,쓰는,34,다음,8,입고,59,모던,9,붙었다,72,근육,12,내쉬는,102,스파링,12,끝나고,48,속,6,즐겨,61,내,9,드릴게요,83,레오타드,12,쑤,66,케이,9,맞춰,153,번,15,즐거운,135,여성,12,망설여지세요,91,등록,13,자다,54,여성,6,힘들고,51,금지,8,하자,71,하타,12,아니라,49,스마트,9,감사하고,53,거,7,했어요,42,카버,8,편하게,80,코어,15,새로운,72,가족,10,행복한,41,바다,7,가능하며,72,맘,12,없,95,소마,13,되,84,웨이트,9,해주세요,10,코오롱,2,즐거운,4,감사,1,했잖아요,37,라이프,6,하는아기,70,코어,8,있고,2,날씨,1,배우고싶다,56,제작,9,않게,27,포트,3,살리고,116,번,20,느린,74,퍼스트,9,풀리,81,개월,10,하시면,83,샵,15,하였으니,44,저녁,8,서,53,앞,6,고마워,35,끝,6,신나고,45,이벤트,8,죽전,56,거,8,참,95,사요,10,달려,44,게,10,있었다,60,대정읍,9,해주신,58,넉,7,궁금하,69,파크,8,될,1,위,,,47,동거,5,해보고,57,주,8,했던,75,공간,11,쓸수는,63,설,9,들은,57,요요,8,하지,1,달,,,63,아카데미,8,하러,88,페스타,14,아름다운,80,필라,10,만들어,43,룩,7,하려고,43,아트,6,건강한
11,점심,2,팠습니다,11,점심,2,팠습니다,43,서울시,6,있다,66,필라,11,정확한,97,시작,13,하여전,48,가능,8,주니수기,34,인생,8,아름다운,59,크리스마스,9,있으며,72,다리,12,와,101,새해,12,쓰,48,이번,6,놀아,61,것,9,마세요,83,동작,12,끝나고,66,유아,9,대,149,야사,15,했었죠,133,전국,12,궁금하세요,91,감사,13,듣는,53,게,6,마세요,50,스트라이크,8,재밌다,70,스트레칭,12,가릴라,48,라이더,9,챌,53,팔,7,춤추고,42,곳,8,하게,80,과정,15,될,71,카톡,10,하다,41,아침,7,쑨,72,사람,11,올려,95,번지,13,해야,82,글로벌,9,어려운,10,포,2,비싸,4,지도자,1,본이,37,익산,6,힘들다,70,즈,8,독한,2,바,1,대단한,56,상품,9,하시면,26,일시,3,하고나면,115,사트바,20,온전히,73,오픈,9,내자이로,80,초보,10,편리하게,83,종점,15,즐겨주세요,43,만,8,나도,53,호,6,강한,35,월일,6,보니,45,벨,8,강한,56,한남동,7,있는데,93,가빈,10,예쁜,43,디아,9,먹고,60,서귀포,9,보세요,58,쌤,7,만나요,69,화이트,8,좋고,1,홍천강,,,47,동락,5,어떤,57,대표,8,보니,75,선물,11,해주세요,63,설치,9,찐,56,체중,8,하시게,1,프로젝트,,,62,싱강,8,받으세요,88,벨라,14,않게,80,비크람,10,들이,42,몸매,6,커,43,키네시스,6,왔던
11,마무리,2,가고,11,마무리,2,가고,43,정부,6,했던,66,벤트,11,맛있는,94,짐,13,신통합,48,사진,8,했지만,34,하산,8,갔다,59,라인,9,대,71,오전,12,한다,100,체력,12,써,48,앵,6,봐요,61,강남,9,알려,81,것,12,하면서,65,상담,9,새로운,149,플로우,15,들어오는,131,워크,12,않습니다,90,나,12,들은,51,관리,6,단련,50,셔츠,8,될,69,연휴,12,큰,48,코리아,9,했던,53,감사,7,남은,42,만,8,재밌게,79,나,14,주세용,69,선수,10,할수,40,출장,7,힘든,71,주,11,들에게,93,후,13,유연하게,82,달,9,했어,10,렉스,2,시원하게,4,과정,1,갖춘,36,사람,6,즐겁게,70,선물,8,빠집니다,2,리얼,1,보고싶다,55,바,9,는,26,플로팅,3,하셨습니다,113,건강,20,평온한,73,청담동,9,하셔서,80,참여,10,배우기,82,앞,15,맛있는,43,달,8,없다,52,산주,6,떼라,35,선생,6,오셔서,44,파워리프팅,7,하는데,55,견사,7,예쁜,93,파트너,10,둔,43,기초,9,신나게,60,남자,9,따라,57,포카리,7,센,68,줄,8,찍고,1,아버지,,,47,다이어트,5,해주세요,56,힘,8,없어서,74,대구,11,가본,61,끝,9,오셔서,56,사진,8,큰,1,보정,,,62,감사,8,서,88,사람,14,쉽게,79,교육,10,이쁜,42,티,6,꾸준함이답이다,43,싱잉,6,고맙습니다
11,프로필,2,무침,11,프로필,2,무침,42,유아,6,먹자,64,스트레칭,11,쾌적한,92,창원,13,되찾고싶으,48,제작,8,하면서,34,반,8,넘나,58,여기,9,하시면,70,카톡,12,시켜,100,타바타,12,대,47,스터디,6,어느새,61,연습,9,팜,81,성인,12,들의,64,그룹,9,말라,148,젠,15,단단하고,130,전용,12,짜는데,90,자세,12,바른,51,전주,6,재밌는,50,카페,8,받아,69,상담,11,갑니다,47,준비,9,보니,53,일요일,7,있어,41,시즌,8,높은,79,저희,14,가르치는,69,오늘,10,한,40,달,7,편하게,71,호,11,행복한,92,우리,13,도와줘요,81,빌리지,9,고마워,10,것,2,멋진,3,개장,1,좋아,36,아이,6,뛰고,69,감사,8,먹어야죠,2,다이어트,1,말랐어,54,생각,9,클라,25,강,3,짬을내서,111,스튜디오,20,정확한,72,프라이빗,9,아름다,79,여기,9,는,82,캉,15,아님,42,야구,8,남은,52,데일리,6,해보세요,35,팀,6,맞는,43,킥복싱,7,하면서,55,료,7,하다가,91,스트레칭,10,갈,42,데일리,9,보세,60,체력,9,따,57,더블,7,지를,68,스키,8,새로운,1,태진아,,,46,동탄,5,배우는,56,백,8,져,74,압구정,11,하면서,60,관리,9,예뻐지는,56,횟수,8,하는데,1,필터,,,61,조영민,8,따,85,생각,14,된다,79,짐,9,있어서,41,준비,6,탄,42,인생,6,열린
11,전,2,채워,11,전,2,채워,42,도검,6,배웁시다,64,예방,11,했을,91,카톡,13,새롭게,48,헤드,8,왔다,34,덕유산,8,쓰고,58,트레이닝,8,춤추는,70,피트,12,원하시는,100,챔피언,11,싶으신,47,언어,6,했던,61,신청,9,커진,80,친구,12,입고,64,헬스,8,신나는,146,바다,15,갖고있기,117,남자,12,보내며,89,지구,12,않은,50,어린이,6,분시,49,용품,8,하게,69,힘,11,필요한,47,오픈,9,하지,52,중급,7,보면서,41,리조트,8,힘찬,78,내,14,할수있는,68,새해,10,받자,39,망미,7,하자,70,환영,11,찐,88,자세,13,보다,81,내,9,하며,10,야외,2,멋진나를,3,단지,1,눌러,36,트레,6,재밌고,69,링크,8,아니면,2,체험,1,시키면,53,번지,9,보니,25,그린,3,이렇,108,전,20,나아가기,69,연휴,9,해주셔서,78,문의,9,와,82,대회,15,살빼기,42,오랜만,8,늦게,51,최고,6,받아,34,촬영,6,하고있습니다,43,운,7,하겠습니다,55,아침,7,흰,89,체크,10,하러,42,반도네온,9,계신,60,애,9,아는,57,시작,7,두드려,68,파티,8,웃으,1,아들,,,46,소통,5,건지,55,강남,8,편함,73,진행,11,추운,60,무료,9,빈야사,55,육아,7,하셔야,1,올해,,,61,이신정,8,만나,85,제주,14,감사한,78,이용,9,했는데,40,사람,6,맛있게,42,아래,6,배우러
11,수원,2,힘들다,11,수원,2,힘들다,42,전,6,신나게,64,수원,11,같아요,89,과정,13,뵙겠습니다,48,공방,8,보여,34,하루,8,오를,57,시암,8,잊지,68,주말,12,되세요,99,가능,11,디짐,47,교환,6,있고,61,촬영,9,말아야,80,주차,12,마시고,64,직,8,보내고,145,사이드,15,배우셔야죠,117,탄츠,12,짜여진,88,진행,12,쉽게,50,단증,6,넘,49,사람,8,넘,68,대요,11,훌륭한,47,로라,9,한다고,51,사람,7,기를,40,보유,8,하는데,77,소통,14,큰,68,단체,10,해주신,39,마스터,7,만들어,69,진행,11,있다면,85,가능,13,했지만,80,인요,9,맛있는,10,양천,2,하려고,3,안,1,있네요,36,달동,6,와,67,빅,8,안될것처럼,2,데,1,입었,52,날,9,있고,25,래쉬,3,대단한,108,외,19,받으세요,69,움직임,9,아닌,77,수강,9,배울,80,팀,15,아닙니다,42,개,8,하셨습니다,51,내,6,비오,34,대치동,6,와,43,차,7,해주셔서,55,소통,7,보이는,89,옥계,10,와,42,무대,9,했던,59,손,9,없음,55,화이팅,7,입니,67,여자,8,와요,1,루,,,46,남자,5,하지,54,모집,8,입어보고,73,수련,11,넘,60,수원,9,드릴게요,55,자연,7,피지오,1,나,,,60,건강,8,멜,84,힘,14,해주는,78,전용,9,있답니다,40,헬,6,함께하기에,41,우먼,6,했어요
11,수업,2,힘내자,11,수업,2,힘내자,40,바보,6,할까,63,게,11,줍니다,89,피닝,13,아닌,47,이케아,7,들어,34,듯,8,솟,57,개강,8,하게,68,오후,12,간단한,99,카페,11,넘치는,47,특강,6,있으니,60,예고,9,해야,78,카톡,11,따라,64,초등,8,해주십니다,144,최고,15,빨라,117,나,12,알려주며,87,상무,12,춥지만,50,원투,6,신나는,49,추첨,7,없습니다,65,주,11,보면,47,사용,9,보십시오,51,서울,7,보세요,40,눈,8,하면서,77,실력,14,예쁜,67,곳,10,소중한,39,망미동,7,빠짐,69,만,11,어떤,84,어깨,13,하느라,80,인타,9,배도의,10,대표,2,없다,3,거,1,재미있어요,35,파크,6,신나게,65,우리,8,마음먹고,2,스트레스,1,먹을,52,개인,9,부드럽게,24,다이어트,3,입니,108,토요,19,받는,68,근육,9,건강하고,77,누구,9,아름다운,80,산모,15,했어요,42,스포츠,8,따,51,대구,6,다치지,33,제작,6,해주신,43,부평,7,맞춰서,54,요가,7,쉬는,89,싱,10,기르기,41,연말,9,들어,58,둘,9,행복한,55,저녁,7,해주세요,67,맛집,8,놀고,1,때,,,46,사진,5,빠른,53,부산,8,가능한,72,가능,11,자세한,60,행복,9,가건대,54,사람,7,얼리,1,찍,,,58,근력,7,했던,83,후굴,14,있지만,77,것,9,보는,40,대회,6,즐겁고,41,중,6,좋고
11,체험,2,예쁘게,11,체험,2,예쁘게,40,훈련,6,있어,63,소통,10,원하시는,88,이현정,12,찾아,47,시작,7,커,34,개,8,건지,56,주,8,신나게,68,척추,12,피지오,99,오전반,11,미루지,46,서울,6,추고,60,영화,9,되었어요,78,개월,11,크,63,패션,8,어떤,143,탕가,15,비해,116,스튜디오,12,외운,86,석사,12,예쁜,50,아침,6,쓰리,49,감사,7,참,64,수리야,11,해주신,46,대표,8,하면서,49,여기,7,하셨습니다,40,강릉,7,있어서,74,주말,14,보내고,67,감사,10,없음,39,눈썹,7,이었다,68,준비,11,빠른,84,정부,13,익히기,80,부산광역시,9,아니라,10,회원,2,아님,3,영장,1,있더냐,35,처음,6,하며,65,주,8,아닙니다,2,산타,1,챌,51,피,9,싶은,24,행사,3,시르,107,매트,19,인텐,67,것,9,원하는,76,워크,9,아닌,77,쉐이크,15,싫어하시는,42,옷,8,꾸준함,50,부산,6,좋습니다,33,기존,6,배워,43,리폼드,7,가능한,54,나,7,된다,89,닝,9,할수,41,재즈,9,않은,57,몬스터,9,입니다오,55,핫,7,올려,66,시즌,8,아름다,1,폭포,,,45,청담,5,있다,53,한국,8,끌림,71,추천,11,할수,60,복,9,볼까,54,워킹,7,되,1,람,,,58,천,7,잼있는,83,우요,14,바르고,76,사요,9,않았어요,40,개,6,돌아온,41,이후,6,없어
11,팀,2,피곤한,11,팀,2,피곤한,40,국,6,이었습니다,63,유지,10,인해,88,장소,12,소중한,47,구매,7,열린,34,시작,7,싶은,56,남미,8,감사해요,68,선생,12,오셔서,98,니스,11,큰,46,벨,6,오셔서,60,연휴,9,하시면,76,테라,11,찐,63,동탄,8,했는데,143,파워,15,있으며,115,안동,12,다릅니다,86,체형,12,단단,50,서울,6,키울수있는,48,랜덤,7,오셔서,64,요기,11,하셨습니다,45,행복,8,쳐,49,이번,7,이었다,40,호주,7,보면,73,강화,14,하러,67,잼,10,아닌,39,반영구,7,끈수,68,반,11,가능하십니다,82,교육,12,쉬운,80,사상구,8,해보자,10,피트,2,한,3,하이드로,1,받으며,35,벽,6,아름다운,65,아침,8,많아요,2,크로스,1,하던,51,영상,9,좋아하는,23,동호회,3,개운하게,106,에너지,19,가릴라,67,동작,8,올,76,뮤지컬,9,한다,77,칠,15,전화하세요,42,한강,8,인해,50,환영,6,하였습니다,33,연휴,6,하시고,42,호,7,만들고,54,시작,7,긴,88,휘트,9,자세한,41,매주,9,되지,57,파티,9,갈,55,수영,7,나면,66,서귀포,8,고마워,1,강,,,44,나,5,먹,52,데일리,8,믿고,71,마음,11,꾸준히,59,포,9,반하다서,54,교육,7,즐기는,1,소화,,,57,남자,7,좋다,80,사랑,14,고운,75,오늘,9,아니라,40,개월,6,두둑히,41,육,5,즐거웠던
11,밤,2,먹으러,11,밤,2,먹으러,39,행복,6,즐겁다,63,산후,10,원하는,87,번,12,나를,46,심벌,7,되겠습니다,34,끝,7,작은,56,크루,8,해주는,68,광교,12,가릴라,98,후,11,들은,46,영상,6,달려,60,오픈,9,보면,76,설,11,피지오,63,팝핀,8,궁금하신,143,빈,15,튼,115,회원,12,연결해,85,원장,12,업운,50,안산,6,없습니다,48,좌절,7,있다,63,키즈,11,있어서,45,도전,8,아니라,48,수강,7,해보고,40,빈티지,7,해야,73,울산,14,마시고,66,섬수,9,커,38,플,7,되었다,67,이용,11,쨈,81,힘,12,나도,80,동서,8,만나,10,북성,2,는,3,토요일,1,시켜,34,대구,5,하러,64,오전,8,되시면,2,맘,1,열어,51,레깅스,9,주는,23,영장,3,힘든,106,성장,19,기울여,67,때,8,않게,73,수원,9,주는,77,때,15,돌아왔다,41,셀카,8,아파서,49,이벤트,6,하는데,33,청당동,6,드려요,42,클린,7,클라,53,사진,7,아니라,87,박스,9,한다,41,카,9,아시나요,55,선물,9,않은,54,맘,7,는,66,업체,8,떠납니다,1,한강,,,44,여자,5,되었다,52,후,8,한다,69,플,11,지피,59,만,9,챈,53,온난,7,하면서,1,자극,,,56,사랑,7,봐도,80,요기,14,있어서,74,만,9,어떤,40,트,6,모아,41,피트,5,배울
11,삼화,2,샐러,11,삼화,2,샐러,39,겨울,6,할수있는,62,몸매,10,보다,87,경험,12,아름다운,46,리,7,끝나고,34,미세먼지,7,다녀온,54,우리,8,이쁜,66,힘,12,챙김,97,기간,11,미,45,친구,6,배우는,58,티,9,하지,75,연결,11,좋,62,강사,8,있으니,142,사목,14,다릅니다,114,월일,12,더해가며,84,오렌지,12,들어오는,49,천,6,하자,48,핀트,7,없음,63,샵,11,될,45,세트,8,좋다,48,댄서,7,크,39,정개,7,버린,72,핏,14,감사해요,66,앞,9,소소한,38,센텀,7,될,67,트레이닝,11,담아,80,건강,12,쓰지,80,남정,8,보자,9,초점,2,달려,3,주말,1,했어요,34,반스타,5,먹,64,옷,8,정중히,2,오늘,1,나가거든,50,선생,9,느껴,22,바다,3,하셔도,106,힐링,19,오셔서,65,필,8,인해,73,지니,9,맞춰,76,오전,15,있어,41,기,8,확실히,49,목요일,6,신로,33,반,5,아닌,42,끝,7,힘들어,53,체형,7,만나,87,구,9,행복한,41,엄마,9,출수있으며,53,후,9,했어요,53,중,7,이쁘게,65,카페,8,보니,1,듯,,,44,필라테스,5,했는데,51,스트레칭,8,잇,67,천,10,좋고,58,출구,9,만나요,53,스튜디오,7,해봅니다,1,사진,,,56,키즈,7,갔다,78,가능,14,아닌,74,마음,9,가길음,40,번,6,버릴,41,씨,5,멋진
10,중,2,해볼까,10,중,2,해볼까,39,생각,6,즐길수있는,62,장,10,될,87,투,12,들을,46,사용,7,버렸다,33,백록담,7,않아,54,여행지,8,싸,66,번지,12,보면,97,주,11,참,45,전설,6,알차게,58,동작,8,하는데,75,대구,11,하지,61,연휴,8,희,142,비니,14,입니다지,114,줌,12,시켜가는,83,체험,11,재밌는,48,조대,6,참,48,정원,7,갈,62,헬스,11,먹고,45,디,8,와서,47,술,7,자세한,39,강사,7,배워,72,가능,14,피지오,66,커플,9,하면서,38,아이,7,본,67,개,11,크,80,체형,12,감사한,80,보대,8,한다,9,선착순,2,어린,3,반,1,빠른,34,연휴,5,되었다,62,때,8,안됩니다,2,스플릿,1,아니에요,50,집,9,가는,22,태,3,돼요,105,취미,19,맞는,65,키즈,8,맞아,72,졸업,9,해야,76,소모,15,들을,41,회복,8,갬,49,서울,6,보니,33,때,5,하셨던,42,기록,7,대,53,미,7,하러,87,맘,9,받으세요,40,와인,9,떨어졌다,53,수업,9,하지,53,스틱,6,끝나고,65,한강,8,는,1,수고,,,44,어린이,5,해주셔서,51,과정,8,이쁘게,67,후,10,할께요,58,소통,9,만나는,53,화목,7,되겠습니다,1,피티,,,55,공연,7,해주는,76,클래스,14,보려,74,전화,9,보자,40,크로스,6,달려주실거라면,41,명,5,될
10,유산소,2,입니,10,유산소,2,입니,38,합기도,6,했어,60,인천,10,시켜,86,공간,12,느껴,46,가격,7,해주세요,33,카페,7,주는,53,할인,7,가,65,허리,12,보내세요,94,오늘,11,먹고,45,수강,6,죽어,57,워머,8,아름답게,75,샵,11,마세요,61,오후,7,웃는아이,141,사,14,재되,111,점,12,없으며,81,반,11,드려요,48,전대,6,보세요,47,예리,7,이쁜,61,사,11,있다,44,국내,8,보다,47,스터디,7,했던,39,번,7,가서,72,니스,13,뜨,65,패셔,9,뵙겠습니다,38,걸,7,서,66,사이클,11,시켜,79,피,12,미,79,차량,8,같아,9,삼,2,가능한,3,체육,1,가능하니,34,오디세이,5,힘들었다,62,봉담,8,안좋아,2,회전,1,댑,50,가복,9,해야지,22,진행,3,행복해,104,휘경,19,가진,63,파인,8,쉽고,71,스트레스,9,있었다,76,성장,15,만들어,41,업,8,뛰용,49,몸,6,하다,32,저희,5,신나는,42,소통,7,없다,52,모집,7,주는,87,주말,9,맞춰,40,르,9,붙었다,52,핏,9,했어,53,스트롱,6,되,64,양양,8,큰,1,연정,,,43,우리,5,감사해요,50,미뉴엣,8,없다,67,바디,10,있어,58,공간,9,드려요,53,대구,7,해야지,1,카페,,,55,무료,7,쑤,76,신청,14,할수,73,우리,9,따뜻하게,39,레슨,6,원하시면,40,슬로건,5,싶은
10,퍼스널,2,쏘마,10,퍼스널,2,쏘마,38,거,5,해주셔서,59,하루,10,했더니,85,바,12,마세요,45,집,7,비오사,33,셀카,7,쌓인,52,주차,7,마세요,65,무료,11,얼리,93,지도자,11,새로운,45,토요일,6,찐,57,센터,8,드려요,75,거,11,않아요,61,프로필,7,마세요,140,발급,14,저렴한,109,취득,12,먹고,81,후,11,남은,48,몸,6,짐노,47,단,7,좋고,61,워크,11,달리니요,44,강진,8,받는,47,언어,7,싶은,38,제주도,7,어떤,71,설,13,하겠습니다,65,소,9,되세요,38,길,7,나를,66,집,11,먹으면,79,반,12,받아,79,자살,8,감사하고,9,여름,2,만나는,3,한혜진,1,무섭지만,34,패스,5,하다가,62,복발,8,해야되,2,월요일,1,찐한,50,식단,9,시켜,22,신청,3,보이는,104,준비,19,줍니다,62,상담,8,입니,71,맛집,9,즐길,74,휘트,15,건강하게,40,자전거,8,될,49,라텔,6,행복한,32,여기,5,받으세요,41,오전,7,탄,52,때,6,높은,85,카톡,9,먹,40,자이브,9,출수,51,데일리,9,가고,53,먼지,6,보니,64,플러스,7,보러,1,매저,,,43,졸업,5,해주신,50,보,8,짜,67,피티,10,하게,57,남자,9,찍어,53,번,7,좋지만,1,맛집,,,55,기구,7,빠른,74,소마,14,않는다,71,자격증,9,비움,39,환영,6,본,40,추천,5,완벽한
10,코로나,2,힘들어도,10,코로나,2,힘들어도,37,관,5,검재,59,카카오톡,10,있고,85,발레,11,참,44,뮤직,7,없다,32,선자령,7,쉽게,52,미군,7,즐겨,63,강화,11,들은,93,피닝,10,미쳤다,44,사람,6,보면,57,발표,8,두고,74,피지,11,받고,60,생각,7,하러,139,이효리,14,다뤄,105,오늘,12,맞게,80,문자,11,가능한,48,네이버,6,새로운,47,유니크,7,치러,61,월일,11,열어,44,위프,8,아니,47,교환,7,와주세요,38,게스트,7,배우고,71,선물,13,자세한,65,통선,9,좋아,38,대상,7,덮,65,감사,11,와서,78,특강,12,하겠습니다,77,거,8,넘나,9,아들,2,시키는,3,체험,1,함,33,개,5,넘나,61,소통,8,힘드,2,위,1,어정쩡하게,50,사람,9,줍니다,21,기업,3,즐겨주신,103,전농,19,가합,62,배,8,따뜻한,70,맞춤,9,할수,73,정동,14,편하게,40,골프,7,인한,49,컨트롤,6,입니,32,구미,5,하려고,41,직장,7,좋다,52,팔로우,6,했네요,85,록,9,않는다,40,마지막,9,넘나,51,재활,9,있다,52,스웨트,6,되니,64,이,7,대,1,마무리,,,43,가능,5,예쁜,49,직장,8,끄,65,사랑,10,챌,56,프로그램,9,되,52,주세,7,만나,1,몸짱,,,54,방송,7,만나면,74,근육,14,지닌,71,혜택,9,좋다,39,보디빌딩,6,만들어졌습니다,40,먼스,5,되었던
10,교정,2,하자,10,교정,2,하자,37,수영,5,드립니다대,59,명절,10,나를,84,서울,11,아니라,43,리듬,7,보면,32,인물,7,걷고,52,부대,7,오셔서,63,전,11,부탁드려요,91,벤트,10,없다,44,우리,6,올,57,분당,8,편하게,74,플,10,입으실,60,등록,7,하실수,139,가목,14,싶은데,103,일상,12,다양하고,79,무용,11,와,48,때,6,귀여운,47,키키,7,있다는,61,산요,11,보세요,44,팁,8,고맙고,47,한곡,7,즐기는,37,판매,7,들의,71,밴드,13,찾아,64,물놀,9,따뜻한,37,엄마,6,돼,65,명절,10,없다,78,둔산동,12,갈,75,이수영,8,주셔서,9,때,2,하다가,3,선착순,1,짜,33,과제,5,내려,61,수영,8,해드릴게요,2,시작,1,성공한,50,스튜디오,8,챙겨,21,금액,3,행복한,103,김남희,19,보다,60,원장,8,좋아,70,급,8,싶으신,73,곡,14,보자,40,천,7,뛰니,48,가드,6,따,32,이용,5,할수있는,41,초기,7,하며,52,롬,6,열린,82,프로젝트,9,입고,40,부천,9,뜨,51,삼,9,편하게,52,천,6,없다,62,환영,7,좋았다,1,심태,,,42,크리스마스,4,받은,49,남자,8,갖지,65,복,10,재밌게,56,휘트,9,멋진,52,교정,7,자세한,1,델리,,,51,연습,7,편안하게,74,빈,14,하자,70,이벤트,9,힘든,39,직장,6,부탁드려요,40,잇,5,만들고
10,휘트니,2,그러니,10,휘트니,2,그러니,37,부산,5,봐,58,저녁,10,했던,81,해운대,11,틈틈히,42,히코,7,아님,32,드로잉,7,갔는데,52,한곡,7,하면서,62,내,11,해야,91,상담,10,지루하지,43,남미,6,있다면,56,줄,8,따라,74,문의,10,왔어요,59,필라테스,7,이쁜,137,북지,14,드리겠습니다,101,발급,11,아니라,79,명,11,할게요,47,챔피언,6,크라,46,피드,7,올립니다,61,밸런스,11,했지만,44,프로젝트,8,해야,47,벨,7,좋다,37,인생,7,가고,70,영상,12,해주신,64,나주,8,이쁜,37,취미,6,와,64,오전,10,좋다,76,집,12,부드럽게,75,렉스,8,들이,9,엄마,2,아니,3,주세요,1,해보자,32,보드,5,아프다,59,카톡,8,하게,2,추억,1,안자고,50,카페,8,되구요,21,투어,3,이었습니다,102,시립,19,감사한,60,남자,8,큰,69,연,8,해주신,72,수금,14,해주고,40,후,7,보면,48,등,6,밀기,32,가능,5,느껴,41,방식,7,그립,51,어깨,6,없어,82,남문,9,먹었으니,39,출구,9,아닌,50,체형,9,해주고,51,월일,6,새로,62,괌,7,타기,1,진아,,,41,주,4,나서,48,날,8,어떠한,64,핫,10,좋다,55,개,9,했던,50,센터,7,썬,1,모델,,,51,추천,7,빠진,74,반,14,다를,70,피닝,9,하겠습니다,39,참여,6,되는신,39,영리,5,보이는
10,손,2,였어요,10,손,2,였어요,37,인천,5,하니,58,추가,10,빠른,81,수지,11,들어,41,실용음악,7,하시면,32,책,7,왔다,51,완성,7,들이,62,등,11,않는,90,운영,10,아닌,43,생일,6,되는,55,블랙,8,올려,73,감사,10,배워,58,집,7,됩니다데,136,오경,14,받고,99,교정,11,나도,79,그레이스,11,보면,47,매드,6,있으며,46,퍼펙트,7,한다,60,플로,11,챌,44,제공,8,좋아,46,남미,7,들이,37,한국,7,하겠습니다,69,관리,12,되어있습니다,64,세븐,8,와서,37,겨울,6,가자,64,웨이트,10,해가든,74,동작,12,봅니다,75,니스,8,가져,9,영장,2,넘나,3,강화,1,타면,32,데일리,5,드리는,59,사진,8,한다,2,공중,1,휘둘러,49,만,8,되도록,20,자연,3,좋,101,키즈,19,배워,60,거,8,하다,69,디엠,8,하겠습니다,72,후,13,출,40,인터벌,7,대,48,거,6,만들어,32,학원,5,해주는,40,바벨,7,짧은,50,날,6,허,80,선,9,즐겁고,39,마르코스,9,가,50,줄,8,젊,51,스트레스,6,챌,62,영상,7,즐길,1,요년,,,41,예약,4,같아,48,동작,8,쓰,64,레깅스,10,갈,55,하루,9,아프지,50,혜택,7,있을,1,촬영,,,51,하루,7,있으니,73,건강,13,건강하게,70,후,9,싶은,39,바,6,짜잔,39,캠페인,5,본
